wandb: [wandb.login()] Loaded credentials for https://api.wandb.ai from /home/worrellie/.netrc.
wandb: Currently logged in as: worrellie (worrellie-iastro) to https://api.wandb.ai. Use `wandb login --relogin` to force relogin
wandb: Tracking run with wandb version 0.27.0
wandb: Run data is saved locally in /home/worrellie/Documents/agn_id_autoencoder/wandb/run-20260714_153656-tccr22dv
wandb: Run `wandb offline` to turn off syncing.
wandb: Syncing run soft-meadow-4
wandb: ⭐️ View project at https://wandb.ai/worrellie-iastro/smoke_test
wandb: 🚀 View run at https://wandb.ai/worrellie-iastro/smoke_test/runs/tccr22dv
2026-07-14 15:36:57,384 - __main__ - INFO - GPU available: True
2026-07-14 15:36:57,384 - __main__ - INFO - Device type: cuda
2026-07-14 15:37:05,136 - datahandling - INFO - preload resolved:auto -> vram
2026-07-14 15:37:05,165 - __main__ - INFO - Number of training sources: 88088
2026-07-14 15:37:05,166 - __main__ - INFO - Number of validation sources: 11011
2026-07-14 15:37:05,167 - __main__ - INFO - Size of one sample: 1549
2026-07-14 15:37:05,169 - root - INFO - {'test_name': 'RUN_StandardAutoencoder_nl1_ls32_e2_ReLU_B0e+00_lr1e-05_wd1e-08_esFalse_nTrue', 'data_file': 'all_spectra_float32.h5', 'flux_type': 'log_scale_flux', 'standardize': True, 'ae_type': 'StandardAutoencoder', 'config': [{'in': 512, 'out': 256}], 'input_size': 1549, 'latent_size': 32, 'activation_function': 'ReLU', 'max_epochs': 2, 'beta': 0, 'learn_rate': 1e-05, 'weight_decay': 1e-08}
2026-07-14 15:37:05,224 - __main__ - INFO - StandardAutoencoder(
  (act_func): ReLU()
  (encoder_layers): ModuleList(
    (0): Linear(in_features=512, out_features=256, bias=True)
  )
  (decoder_layers): ModuleList(
    (0): Linear(in_features=256, out_features=512, bias=True)
  )
  (input_to_encoder): Linear(in_features=1549, out_features=512, bias=True)
  (encoder_to_latent): Linear(in_features=256, out_features=32, bias=True)
  (decoder_from_latent): Linear(in_features=32, out_features=256, bias=True)
  (decoder_to_output): Linear(in_features=512, out_features=1549, bias=True)
)
2026-07-14 15:37:05,226 - funcs - INFO - model size: 7.125171661376953
2026-07-14 15:37:05,257 - training - INFO - training model...
2026-07-14 15:37:05,386 - training - INFO - epoch 0 first param mean: -0.000033
2026-07-14 15:37:05,387 - training - INFO - epoch 0 first x_hat mean: check below
2026-07-14 15:37:05,551 - training - INFO - train x_hat mean: 0.000887, x mean: -0.000909
2026-07-14 15:37:05,875 - training - INFO - train x_hat mean: 0.000805, x mean: 0.004078
2026-07-14 15:37:05,885 - training - INFO - train x_hat mean: 0.000845, x mean: 0.006023
2026-07-14 15:37:05,895 - training - INFO - train x_hat mean: 0.000855, x mean: -0.027584
2026-07-14 15:37:05,904 - training - INFO - train x_hat mean: 0.000793, x mean: -0.013718
2026-07-14 15:37:05,914 - training - INFO - train x_hat mean: 0.000825, x mean: 0.012022
2026-07-14 15:37:05,925 - training - INFO - train x_hat mean: 0.000759, x mean: 0.001918
2026-07-14 15:37:05,937 - training - INFO - train x_hat mean: 0.000756, x mean: -0.027667
2026-07-14 15:37:05,949 - training - INFO - train x_hat mean: 0.000716, x mean: 0.030661
2026-07-14 15:37:05,960 - training - INFO - train x_hat mean: 0.000704, x mean: -0.005422
2026-07-14 15:37:05,971 - training - INFO - train x_hat mean: 0.000717, x mean: 0.009637
2026-07-14 15:37:05,982 - training - INFO - train x_hat mean: 0.000697, x mean: -0.001504
2026-07-14 15:37:05,993 - training - INFO - train x_hat mean: 0.000724, x mean: -0.009228
2026-07-14 15:37:06,003 - training - INFO - train x_hat mean: 0.000656, x mean: -0.010734
2026-07-14 15:37:06,013 - training - INFO - train x_hat mean: 0.000629, x mean: 0.044668
2026-07-14 15:37:06,023 - training - INFO - train x_hat mean: 0.000654, x mean: 0.028810
2026-07-14 15:37:06,034 - training - INFO - train x_hat mean: 0.000669, x mean: -0.007046
2026-07-14 15:37:06,044 - training - INFO - train x_hat mean: 0.000650, x mean: -0.011447
2026-07-14 15:37:06,055 - training - INFO - train x_hat mean: 0.000666, x mean: -0.028159
2026-07-14 15:37:06,065 - training - INFO - train x_hat mean: 0.000555, x mean: 0.016642
2026-07-14 15:37:06,076 - training - INFO - train x_hat mean: 0.000624, x mean: 0.003859
2026-07-14 15:37:06,085 - training - INFO - train x_hat mean: 0.000635, x mean: -0.027376
2026-07-14 15:37:06,095 - training - INFO - train x_hat mean: 0.000562, x mean: 0.008545
2026-07-14 15:37:06,105 - training - INFO - train x_hat mean: 0.000490, x mean: 0.008153
2026-07-14 15:37:06,115 - training - INFO - train x_hat mean: 0.000539, x mean: 0.007336
2026-07-14 15:37:06,124 - training - INFO - train x_hat mean: 0.000555, x mean: -0.014437
2026-07-14 15:37:06,135 - training - INFO - train x_hat mean: 0.000555, x mean: 0.000200
2026-07-14 15:37:06,144 - training - INFO - train x_hat mean: 0.000474, x mean: -0.005085
2026-07-14 15:37:06,154 - training - INFO - train x_hat mean: 0.000513, x mean: -0.009986
2026-07-14 15:37:06,166 - training - INFO - train x_hat mean: 0.000454, x mean: 0.013365
2026-07-14 15:37:06,178 - training - INFO - train x_hat mean: 0.000451, x mean: 0.006201
2026-07-14 15:37:06,189 - training - INFO - train x_hat mean: 0.000481, x mean: 0.004910
2026-07-14 15:37:06,200 - training - INFO - train x_hat mean: 0.000446, x mean: 0.026799
2026-07-14 15:37:06,212 - training - INFO - train x_hat mean: 0.000484, x mean: -0.005652
2026-07-14 15:37:06,223 - training - INFO - train x_hat mean: 0.000460, x mean: -0.029253
2026-07-14 15:37:06,235 - training - INFO - train x_hat mean: 0.000434, x mean: -0.002034
2026-07-14 15:37:06,247 - training - INFO - train x_hat mean: 0.000399, x mean: -0.013044
2026-07-14 15:37:06,258 - training - INFO - train x_hat mean: 0.000392, x mean: -0.015027
2026-07-14 15:37:06,269 - training - INFO - train x_hat mean: 0.000408, x mean: -0.003329
2026-07-14 15:37:06,279 - training - INFO - train x_hat mean: 0.000348, x mean: -0.016005
2026-07-14 15:37:06,291 - training - INFO - train x_hat mean: 0.000325, x mean: 0.004595
2026-07-14 15:37:06,301 - training - INFO - train x_hat mean: 0.000347, x mean: 0.017384
2026-07-14 15:37:06,312 - training - INFO - train x_hat mean: 0.000358, x mean: -0.027909
2026-07-14 15:37:06,322 - training - INFO - train x_hat mean: 0.000338, x mean: -0.002660
2026-07-14 15:37:06,333 - training - INFO - train x_hat mean: 0.000301, x mean: -0.021408
2026-07-14 15:37:06,344 - training - INFO - train x_hat mean: 0.000258, x mean: 0.004735
2026-07-14 15:37:06,354 - training - INFO - train x_hat mean: 0.000233, x mean: 0.023086
2026-07-14 15:37:06,364 - training - INFO - train x_hat mean: 0.000266, x mean: 0.000577
2026-07-14 15:37:06,374 - training - INFO - train x_hat mean: 0.000233, x mean: 0.012073
2026-07-14 15:37:06,385 - training - INFO - train x_hat mean: 0.000229, x mean: -0.006371
2026-07-14 15:37:06,395 - training - INFO - train x_hat mean: 0.000198, x mean: 0.009804
2026-07-14 15:37:06,406 - training - INFO - train x_hat mean: 0.000152, x mean: -0.000261
2026-07-14 15:37:06,418 - training - INFO - train x_hat mean: 0.000180, x mean: 0.011990
2026-07-14 15:37:06,429 - training - INFO - train x_hat mean: 0.000146, x mean: 0.007407
2026-07-14 15:37:06,440 - training - INFO - train x_hat mean: 0.000146, x mean: 0.014373
2026-07-14 15:37:06,451 - training - INFO - train x_hat mean: 0.000170, x mean: -0.023888
2026-07-14 15:37:06,461 - training - INFO - train x_hat mean: 0.000147, x mean: -0.018746
2026-07-14 15:37:06,472 - training - INFO - train x_hat mean: 0.000092, x mean: -0.017939
2026-07-14 15:37:06,482 - training - INFO - train x_hat mean: 0.000153, x mean: 0.015650
2026-07-14 15:37:06,493 - training - INFO - train x_hat mean: 0.000129, x mean: -0.009200
2026-07-14 15:37:06,503 - training - INFO - train x_hat mean: 0.000067, x mean: -0.003128
2026-07-14 15:37:06,513 - training - INFO - train x_hat mean: 0.000069, x mean: 0.002889
2026-07-14 15:37:06,524 - training - INFO - train x_hat mean: 0.000058, x mean: 0.004139
2026-07-14 15:37:06,534 - training - INFO - train x_hat mean: 0.000069, x mean: 0.011049
2026-07-14 15:37:06,545 - training - INFO - train x_hat mean: 0.000038, x mean: 0.004990
2026-07-14 15:37:06,555 - training - INFO - train x_hat mean: 0.000018, x mean: -0.009873
2026-07-14 15:37:06,567 - training - INFO - train x_hat mean: 0.000042, x mean: -0.021183
2026-07-14 15:37:06,577 - training - INFO - train x_hat mean: 0.000038, x mean: 0.009992
2026-07-14 15:37:06,588 - training - INFO - train x_hat mean: -0.000035, x mean: 0.011702
2026-07-14 15:37:06,599 - training - INFO - train x_hat mean: -0.000027, x mean: -0.034705
2026-07-14 15:37:06,609 - training - INFO - train x_hat mean: -0.000015, x mean: 0.027640
2026-07-14 15:37:06,620 - training - INFO - train x_hat mean: -0.000072, x mean: 0.009124
2026-07-14 15:37:06,633 - training - INFO - train x_hat mean: -0.000056, x mean: 0.003347
2026-07-14 15:37:06,644 - training - INFO - train x_hat mean: -0.000038, x mean: 0.002001
2026-07-14 15:37:06,654 - training - INFO - train x_hat mean: -0.000085, x mean: 0.001314
2026-07-14 15:37:06,666 - training - INFO - train x_hat mean: -0.000067, x mean: -0.004602
2026-07-14 15:37:06,676 - training - INFO - train x_hat mean: -0.000093, x mean: -0.033831
2026-07-14 15:37:06,686 - training - INFO - train x_hat mean: -0.000104, x mean: -0.010886
2026-07-14 15:37:06,699 - training - INFO - train x_hat mean: -0.000146, x mean: 0.017016
2026-07-14 15:37:06,710 - training - INFO - train x_hat mean: -0.000161, x mean: -0.044813
2026-07-14 15:37:06,720 - training - INFO - train x_hat mean: -0.000191, x mean: -0.005510
2026-07-14 15:37:06,732 - training - INFO - train x_hat mean: -0.000179, x mean: 0.012689
2026-07-14 15:37:06,743 - training - INFO - train x_hat mean: -0.000195, x mean: 0.008950
2026-07-14 15:37:06,754 - training - INFO - train x_hat mean: -0.000219, x mean: -0.007347
2026-07-14 15:37:06,765 - training - INFO - train x_hat mean: -0.000227, x mean: -0.006377
2026-07-14 15:37:06,776 - training - INFO - train x_hat mean: -0.000240, x mean: -0.020901
2026-07-14 15:37:06,787 - training - INFO - train x_hat mean: -0.000276, x mean: 0.005036
2026-07-14 15:37:06,797 - training - INFO - train x_hat mean: -0.000301, x mean: 0.011316
2026-07-14 15:37:06,808 - training - INFO - train x_hat mean: -0.000271, x mean: 0.022094
2026-07-14 15:37:06,819 - training - INFO - train x_hat mean: -0.000314, x mean: -0.021861
2026-07-14 15:37:06,829 - training - INFO - train x_hat mean: -0.000353, x mean: 0.008757
2026-07-14 15:37:06,840 - training - INFO - train x_hat mean: -0.000318, x mean: 0.027874
2026-07-14 15:37:06,851 - training - INFO - train x_hat mean: -0.000340, x mean: 0.002971
2026-07-14 15:37:06,861 - training - INFO - train x_hat mean: -0.000391, x mean: -0.013780
2026-07-14 15:37:06,872 - training - INFO - train x_hat mean: -0.000386, x mean: -0.012902
2026-07-14 15:37:06,882 - training - INFO - train x_hat mean: -0.000361, x mean: 0.028621
2026-07-14 15:37:06,892 - training - INFO - train x_hat mean: -0.000351, x mean: -0.007060
2026-07-14 15:37:06,902 - training - INFO - train x_hat mean: -0.000380, x mean: -0.001968
2026-07-14 15:37:06,913 - training - INFO - train x_hat mean: -0.000389, x mean: 0.000196
2026-07-14 15:37:06,922 - training - INFO - train x_hat mean: -0.000404, x mean: -0.006907
2026-07-14 15:37:06,933 - training - INFO - train x_hat mean: -0.000454, x mean: 0.008009
2026-07-14 15:37:06,944 - training - INFO - train x_hat mean: -0.000429, x mean: 0.007942
2026-07-14 15:37:06,954 - training - INFO - train x_hat mean: -0.000455, x mean: 0.001168
2026-07-14 15:37:06,965 - training - INFO - train x_hat mean: -0.000464, x mean: -0.013122
2026-07-14 15:37:06,975 - training - INFO - train x_hat mean: -0.000460, x mean: 0.015323
2026-07-14 15:37:06,985 - training - INFO - train x_hat mean: -0.000495, x mean: -0.002504
2026-07-14 15:37:06,995 - training - INFO - train x_hat mean: -0.000466, x mean: -0.012136
2026-07-14 15:37:07,005 - training - INFO - train x_hat mean: -0.000544, x mean: -0.001863
2026-07-14 15:37:07,016 - training - INFO - train x_hat mean: -0.000558, x mean: -0.015121
2026-07-14 15:37:07,026 - training - INFO - train x_hat mean: -0.000536, x mean: 0.008190
2026-07-14 15:37:07,037 - training - INFO - train x_hat mean: -0.000579, x mean: -0.000092
2026-07-14 15:37:07,047 - training - INFO - train x_hat mean: -0.000583, x mean: -0.044833
2026-07-14 15:37:07,058 - training - INFO - train x_hat mean: -0.000561, x mean: 0.021781
2026-07-14 15:37:07,069 - training - INFO - train x_hat mean: -0.000588, x mean: -0.003382
2026-07-14 15:37:07,079 - training - INFO - train x_hat mean: -0.000582, x mean: -0.015720
2026-07-14 15:37:07,090 - training - INFO - train x_hat mean: -0.000605, x mean: 0.008236
2026-07-14 15:37:07,100 - training - INFO - train x_hat mean: -0.000603, x mean: 0.006534
2026-07-14 15:37:07,110 - training - INFO - train x_hat mean: -0.000677, x mean: -0.018112
2026-07-14 15:37:07,121 - training - INFO - train x_hat mean: -0.000657, x mean: 0.000322
2026-07-14 15:37:07,132 - training - INFO - train x_hat mean: -0.000700, x mean: -0.043975
2026-07-14 15:37:07,142 - training - INFO - train x_hat mean: -0.000693, x mean: 0.014027
2026-07-14 15:37:07,153 - training - INFO - train x_hat mean: -0.000749, x mean: -0.012366
2026-07-14 15:37:07,163 - training - INFO - train x_hat mean: -0.000790, x mean: -0.025210
2026-07-14 15:37:07,173 - training - INFO - train x_hat mean: -0.000762, x mean: -0.005564
2026-07-14 15:37:07,183 - training - INFO - train x_hat mean: -0.000812, x mean: -0.003620
2026-07-14 15:37:07,194 - training - INFO - train x_hat mean: -0.000769, x mean: 0.002101
2026-07-14 15:37:07,204 - training - INFO - train x_hat mean: -0.000857, x mean: -0.001637
2026-07-14 15:37:07,215 - training - INFO - train x_hat mean: -0.000838, x mean: 0.011503
2026-07-14 15:37:07,226 - training - INFO - train x_hat mean: -0.000858, x mean: -0.005083
2026-07-14 15:37:07,235 - training - INFO - train x_hat mean: -0.000871, x mean: 0.011557
2026-07-14 15:37:07,245 - training - INFO - train x_hat mean: -0.000887, x mean: 0.003862
2026-07-14 15:37:07,254 - training - INFO - train x_hat mean: -0.000935, x mean: 0.008860
2026-07-14 15:37:07,264 - training - INFO - train x_hat mean: -0.000989, x mean: -0.050857
2026-07-14 15:37:07,274 - training - INFO - train x_hat mean: -0.000975, x mean: -0.007992
2026-07-14 15:37:07,284 - training - INFO - train x_hat mean: -0.001005, x mean: -0.034579
2026-07-14 15:37:07,293 - training - INFO - train x_hat mean: -0.001046, x mean: 0.037541
2026-07-14 15:37:07,303 - training - INFO - train x_hat mean: -0.001039, x mean: -0.001474
2026-07-14 15:37:07,314 - training - INFO - train x_hat mean: -0.001015, x mean: 0.008214
2026-07-14 15:37:07,323 - training - INFO - train x_hat mean: -0.001072, x mean: 0.004809
2026-07-14 15:37:07,333 - training - INFO - train x_hat mean: -0.001073, x mean: -0.005638
2026-07-14 15:37:07,343 - training - INFO - train x_hat mean: -0.001036, x mean: 0.016419
2026-07-14 15:37:07,352 - training - INFO - train x_hat mean: -0.001129, x mean: -0.032417
2026-07-14 15:37:07,363 - training - INFO - train x_hat mean: -0.001133, x mean: 0.000833
2026-07-14 15:37:07,372 - training - INFO - train x_hat mean: -0.001159, x mean: 0.008418
2026-07-14 15:37:07,384 - training - INFO - train x_hat mean: -0.001164, x mean: 0.001527
2026-07-14 15:37:07,396 - training - INFO - train x_hat mean: -0.001245, x mean: -0.011527
2026-07-14 15:37:07,406 - training - INFO - train x_hat mean: -0.001235, x mean: 0.007334
2026-07-14 15:37:07,416 - training - INFO - train x_hat mean: -0.001197, x mean: 0.004328
2026-07-14 15:37:07,425 - training - INFO - train x_hat mean: -0.001249, x mean: -0.019099
2026-07-14 15:37:07,435 - training - INFO - train x_hat mean: -0.001249, x mean: -0.027092
2026-07-14 15:37:07,445 - training - INFO - train x_hat mean: -0.001279, x mean: 0.012690
2026-07-14 15:37:07,455 - training - INFO - train x_hat mean: -0.001340, x mean: 0.015318
2026-07-14 15:37:07,466 - training - INFO - train x_hat mean: -0.001306, x mean: -0.015785
2026-07-14 15:37:07,476 - training - INFO - train x_hat mean: -0.001329, x mean: 0.015643
2026-07-14 15:37:07,487 - training - INFO - train x_hat mean: -0.001297, x mean: 0.022892
2026-07-14 15:37:07,498 - training - INFO - train x_hat mean: -0.001319, x mean: -0.004399
2026-07-14 15:37:07,508 - training - INFO - train x_hat mean: -0.001374, x mean: 0.002774
2026-07-14 15:37:07,518 - training - INFO - train x_hat mean: -0.001402, x mean: 0.003214
2026-07-14 15:37:07,528 - training - INFO - train x_hat mean: -0.001406, x mean: 0.011263
2026-07-14 15:37:07,538 - training - INFO - train x_hat mean: -0.001368, x mean: 0.028728
2026-07-14 15:37:07,548 - training - INFO - train x_hat mean: -0.001415, x mean: 0.022702
2026-07-14 15:37:07,558 - training - INFO - train x_hat mean: -0.001426, x mean: 0.015376
2026-07-14 15:37:07,568 - training - INFO - train x_hat mean: -0.001405, x mean: -0.000850
2026-07-14 15:37:07,579 - training - INFO - train x_hat mean: -0.001411, x mean: 0.030409
2026-07-14 15:37:07,588 - training - INFO - train x_hat mean: -0.001473, x mean: -0.021299
2026-07-14 15:37:07,598 - training - INFO - train x_hat mean: -0.001434, x mean: 0.006777
2026-07-14 15:37:07,608 - training - INFO - train x_hat mean: -0.001470, x mean: 0.002478
2026-07-14 15:37:07,618 - training - INFO - train x_hat mean: -0.001480, x mean: 0.002619
2026-07-14 15:37:07,628 - training - INFO - train x_hat mean: -0.001410, x mean: 0.017653
2026-07-14 15:37:07,638 - training - INFO - train x_hat mean: -0.001498, x mean: -0.000430
2026-07-14 15:37:07,648 - training - INFO - train x_hat mean: -0.001536, x mean: -0.013691
2026-07-14 15:37:07,657 - training - INFO - train x_hat mean: -0.001502, x mean: -0.004486
2026-07-14 15:37:07,667 - training - INFO - train x_hat mean: -0.001505, x mean: 0.016702
2026-07-14 15:37:07,678 - training - INFO - train x_hat mean: -0.001501, x mean: -0.003092
2026-07-14 15:37:07,688 - training - INFO - train x_hat mean: -0.001561, x mean: -0.032228
2026-07-14 15:37:07,698 - training - INFO - train x_hat mean: -0.001536, x mean: 0.002688
2026-07-14 15:37:07,708 - training - INFO - train x_hat mean: -0.001471, x mean: 0.013179
2026-07-14 15:37:07,718 - training - INFO - train x_hat mean: -0.001599, x mean: 0.002526
2026-07-14 15:37:07,728 - training - INFO - train x_hat mean: -0.001521, x mean: 0.015892
2026-07-14 15:37:07,738 - training - INFO - train x_hat mean: -0.001557, x mean: 0.012612
2026-07-14 15:37:07,748 - training - INFO - train x_hat mean: -0.001537, x mean: 0.010287
2026-07-14 15:37:07,757 - training - INFO - train x_hat mean: -0.001600, x mean: 0.009104
2026-07-14 15:37:07,768 - training - INFO - train x_hat mean: -0.001639, x mean: 0.016426
2026-07-14 15:37:07,778 - training - INFO - train x_hat mean: -0.001576, x mean: 0.024060
2026-07-14 15:37:07,788 - training - INFO - train x_hat mean: -0.001656, x mean: -0.010875
2026-07-14 15:37:07,798 - training - INFO - train x_hat mean: -0.001630, x mean: 0.011450
2026-07-14 15:37:07,808 - training - INFO - train x_hat mean: -0.001616, x mean: 0.006662
2026-07-14 15:37:07,818 - training - INFO - train x_hat mean: -0.001706, x mean: 0.018022
2026-07-14 15:37:07,829 - training - INFO - train x_hat mean: -0.001686, x mean: 0.024146
2026-07-14 15:37:07,839 - training - INFO - train x_hat mean: -0.001641, x mean: 0.026808
2026-07-14 15:37:07,849 - training - INFO - train x_hat mean: -0.001654, x mean: 0.023076
2026-07-14 15:37:07,859 - training - INFO - train x_hat mean: -0.001686, x mean: -0.017968
2026-07-14 15:37:07,869 - training - INFO - train x_hat mean: -0.001717, x mean: 0.001916
2026-07-14 15:37:07,879 - training - INFO - train x_hat mean: -0.001581, x mean: 0.012846
2026-07-14 15:37:07,888 - training - INFO - train x_hat mean: -0.001678, x mean: -0.002759
2026-07-14 15:37:07,898 - training - INFO - train x_hat mean: -0.001720, x mean: 0.021430
2026-07-14 15:37:07,909 - training - INFO - train x_hat mean: -0.001671, x mean: -0.008341
2026-07-14 15:37:07,918 - training - INFO - train x_hat mean: -0.001675, x mean: 0.009248
2026-07-14 15:37:07,928 - training - INFO - train x_hat mean: -0.001677, x mean: 0.014088
2026-07-14 15:37:07,938 - training - INFO - train x_hat mean: -0.001751, x mean: -0.029786
2026-07-14 15:37:07,948 - training - INFO - train x_hat mean: -0.001726, x mean: 0.000182
2026-07-14 15:37:07,959 - training - INFO - train x_hat mean: -0.001685, x mean: 0.015533
2026-07-14 15:37:07,969 - training - INFO - train x_hat mean: -0.001722, x mean: 0.031615
2026-07-14 15:37:07,980 - training - INFO - train x_hat mean: -0.001788, x mean: -0.004652
2026-07-14 15:37:07,990 - training - INFO - train x_hat mean: -0.001683, x mean: 0.016095
2026-07-14 15:37:08,000 - training - INFO - train x_hat mean: -0.001831, x mean: 0.001607
2026-07-14 15:37:08,009 - training - INFO - train x_hat mean: -0.001806, x mean: 0.017026
2026-07-14 15:37:08,019 - training - INFO - train x_hat mean: -0.001770, x mean: 0.047994
2026-07-14 15:37:08,030 - training - INFO - train x_hat mean: -0.001800, x mean: -0.005951
2026-07-14 15:37:08,040 - training - INFO - train x_hat mean: -0.001791, x mean: 0.014557
2026-07-14 15:37:08,050 - training - INFO - train x_hat mean: -0.001768, x mean: 0.008401
2026-07-14 15:37:08,060 - training - INFO - train x_hat mean: -0.001803, x mean: -0.014948
2026-07-14 15:37:08,070 - training - INFO - train x_hat mean: -0.001820, x mean: -0.002307
2026-07-14 15:37:08,080 - training - INFO - train x_hat mean: -0.001786, x mean: -0.002775
2026-07-14 15:37:08,089 - training - INFO - train x_hat mean: -0.001869, x mean: 0.008482
2026-07-14 15:37:08,099 - training - INFO - train x_hat mean: -0.001856, x mean: 0.009954
2026-07-14 15:37:08,109 - training - INFO - train x_hat mean: -0.001879, x mean: 0.010085
2026-07-14 15:37:08,120 - training - INFO - train x_hat mean: -0.001844, x mean: 0.012667
2026-07-14 15:37:08,129 - training - INFO - train x_hat mean: -0.001805, x mean: 0.006963
2026-07-14 15:37:08,139 - training - INFO - train x_hat mean: -0.001930, x mean: -0.008967
2026-07-14 15:37:08,150 - training - INFO - train x_hat mean: -0.001914, x mean: -0.003822
2026-07-14 15:37:08,161 - training - INFO - train x_hat mean: -0.001876, x mean: 0.000020
2026-07-14 15:37:08,170 - training - INFO - train x_hat mean: -0.001899, x mean: 0.000904
2026-07-14 15:37:08,180 - training - INFO - train x_hat mean: -0.001938, x mean: -0.023553
2026-07-14 15:37:08,193 - training - INFO - train x_hat mean: -0.001997, x mean: -0.005953
2026-07-14 15:37:08,203 - training - INFO - train x_hat mean: -0.001972, x mean: -0.027361
2026-07-14 15:37:08,212 - training - INFO - train x_hat mean: -0.001976, x mean: -0.001889
2026-07-14 15:37:08,222 - training - INFO - train x_hat mean: -0.001997, x mean: 0.015068
2026-07-14 15:37:08,233 - training - INFO - train x_hat mean: -0.001956, x mean: 0.016322
2026-07-14 15:37:08,243 - training - INFO - train x_hat mean: -0.002091, x mean: 0.038915
2026-07-14 15:37:08,253 - training - INFO - train x_hat mean: -0.002108, x mean: 0.011139
2026-07-14 15:37:08,263 - training - INFO - train x_hat mean: -0.001998, x mean: 0.003222
2026-07-14 15:37:08,272 - training - INFO - train x_hat mean: -0.002098, x mean: -0.017977
2026-07-14 15:37:08,283 - training - INFO - train x_hat mean: -0.002050, x mean: 0.025115
2026-07-14 15:37:08,294 - training - INFO - train x_hat mean: -0.002081, x mean: 0.009452
2026-07-14 15:37:08,304 - training - INFO - train x_hat mean: -0.002108, x mean: -0.022061
2026-07-14 15:37:08,314 - training - INFO - train x_hat mean: -0.002084, x mean: -0.001980
2026-07-14 15:37:08,323 - training - INFO - train x_hat mean: -0.002076, x mean: 0.027782
2026-07-14 15:37:08,333 - training - INFO - train x_hat mean: -0.002212, x mean: -0.038144
2026-07-14 15:37:08,342 - training - INFO - train x_hat mean: -0.002158, x mean: 0.006042
2026-07-14 15:37:08,352 - training - INFO - train x_hat mean: -0.002251, x mean: -0.012285
2026-07-14 15:37:08,362 - training - INFO - train x_hat mean: -0.002168, x mean: 0.002738
2026-07-14 15:37:08,371 - training - INFO - train x_hat mean: -0.002241, x mean: -0.003045
2026-07-14 15:37:08,381 - training - INFO - train x_hat mean: -0.002288, x mean: 0.011046
2026-07-14 15:37:08,390 - training - INFO - train x_hat mean: -0.002360, x mean: 0.020999
2026-07-14 15:37:08,400 - training - INFO - train x_hat mean: -0.002307, x mean: -0.004095
2026-07-14 15:37:08,410 - training - INFO - train x_hat mean: -0.002400, x mean: 0.014327
2026-07-14 15:37:08,420 - training - INFO - train x_hat mean: -0.002481, x mean: -0.010702
2026-07-14 15:37:08,429 - training - INFO - train x_hat mean: -0.002354, x mean: -0.002832
2026-07-14 15:37:08,439 - training - INFO - train x_hat mean: -0.002476, x mean: 0.006868
2026-07-14 15:37:08,448 - training - INFO - train x_hat mean: -0.002428, x mean: -0.009063
2026-07-14 15:37:08,459 - training - INFO - train x_hat mean: -0.002370, x mean: 0.029398
2026-07-14 15:37:08,469 - training - INFO - train x_hat mean: -0.002387, x mean: -0.007422
2026-07-14 15:37:08,478 - training - INFO - train x_hat mean: -0.002418, x mean: 0.013979
2026-07-14 15:37:08,488 - training - INFO - train x_hat mean: -0.002534, x mean: -0.032788
2026-07-14 15:37:08,499 - training - INFO - train x_hat mean: -0.002514, x mean: -0.003736
2026-07-14 15:37:08,510 - training - INFO - train x_hat mean: -0.002475, x mean: 0.003411
2026-07-14 15:37:08,519 - training - INFO - train x_hat mean: -0.002506, x mean: 0.013016
2026-07-14 15:37:08,529 - training - INFO - train x_hat mean: -0.002539, x mean: 0.006026
2026-07-14 15:37:08,538 - training - INFO - train x_hat mean: -0.002582, x mean: 0.013329
2026-07-14 15:37:08,548 - training - INFO - train x_hat mean: -0.002631, x mean: -0.013031
2026-07-14 15:37:08,559 - training - INFO - train x_hat mean: -0.002737, x mean: -0.020382
2026-07-14 15:37:08,568 - training - INFO - train x_hat mean: -0.002612, x mean: 0.010152
2026-07-14 15:37:08,578 - training - INFO - train x_hat mean: -0.002584, x mean: -0.005147
2026-07-14 15:37:08,588 - training - INFO - train x_hat mean: -0.002799, x mean: -0.003498
2026-07-14 15:37:08,598 - training - INFO - train x_hat mean: -0.002807, x mean: 0.006892
2026-07-14 15:37:08,607 - training - INFO - train x_hat mean: -0.002889, x mean: 0.027146
2026-07-14 15:37:08,617 - training - INFO - train x_hat mean: -0.002937, x mean: -0.002870
2026-07-14 15:37:08,627 - training - INFO - train x_hat mean: -0.002817, x mean: 0.005509
2026-07-14 15:37:08,636 - training - INFO - train x_hat mean: -0.002996, x mean: -0.008689
2026-07-14 15:37:08,646 - training - INFO - train x_hat mean: -0.002839, x mean: -0.010217
2026-07-14 15:37:08,655 - training - INFO - train x_hat mean: -0.002814, x mean: -0.005908
2026-07-14 15:37:08,665 - training - INFO - train x_hat mean: -0.002951, x mean: 0.008647
2026-07-14 15:37:08,675 - training - INFO - train x_hat mean: -0.003000, x mean: 0.007115
2026-07-14 15:37:08,685 - training - INFO - train x_hat mean: -0.003194, x mean: 0.008237
2026-07-14 15:37:08,695 - training - INFO - train x_hat mean: -0.002917, x mean: 0.011694
2026-07-14 15:37:08,705 - training - INFO - train x_hat mean: -0.003055, x mean: -0.013406
2026-07-14 15:37:08,715 - training - INFO - train x_hat mean: -0.003234, x mean: -0.011149
2026-07-14 15:37:08,725 - training - INFO - train x_hat mean: -0.003098, x mean: -0.001917
2026-07-14 15:37:08,735 - training - INFO - train x_hat mean: -0.003122, x mean: -0.010654
2026-07-14 15:37:08,745 - training - INFO - train x_hat mean: -0.003186, x mean: -0.006059
2026-07-14 15:37:08,754 - training - INFO - train x_hat mean: -0.003234, x mean: -0.006732
2026-07-14 15:37:08,765 - training - INFO - train x_hat mean: -0.003143, x mean: 0.020015
2026-07-14 15:37:08,775 - training - INFO - train x_hat mean: -0.003511, x mean: 0.022861
2026-07-14 15:37:08,784 - training - INFO - train x_hat mean: -0.003368, x mean: 0.007399
2026-07-14 15:37:08,795 - training - INFO - train x_hat mean: -0.003461, x mean: -0.002422
2026-07-14 15:37:08,805 - training - INFO - train x_hat mean: -0.003426, x mean: 0.003396
2026-07-14 15:37:08,815 - training - INFO - train x_hat mean: -0.003521, x mean: 0.010392
2026-07-14 15:37:08,825 - training - INFO - train x_hat mean: -0.003401, x mean: -0.013696
2026-07-14 15:37:08,834 - training - INFO - train x_hat mean: -0.003532, x mean: -0.000004
2026-07-14 15:37:08,844 - training - INFO - train x_hat mean: -0.003627, x mean: 0.014319
2026-07-14 15:37:08,854 - training - INFO - train x_hat mean: -0.003484, x mean: 0.006711
2026-07-14 15:37:08,864 - training - INFO - train x_hat mean: -0.003594, x mean: 0.011312
2026-07-14 15:37:08,874 - training - INFO - train x_hat mean: -0.003674, x mean: -0.000709
2026-07-14 15:37:08,885 - training - INFO - train x_hat mean: -0.003489, x mean: 0.001129
2026-07-14 15:37:08,894 - training - INFO - train x_hat mean: -0.003424, x mean: 0.014518
2026-07-14 15:37:08,904 - training - INFO - train x_hat mean: -0.003840, x mean: 0.007995
2026-07-14 15:37:08,914 - training - INFO - train x_hat mean: -0.003709, x mean: -0.009949
2026-07-14 15:37:08,923 - training - INFO - train x_hat mean: -0.003678, x mean: 0.009105
2026-07-14 15:37:08,933 - training - INFO - train x_hat mean: -0.003693, x mean: 0.017269
2026-07-14 15:37:08,944 - training - INFO - train x_hat mean: -0.003730, x mean: 0.014290
2026-07-14 15:37:08,953 - training - INFO - train x_hat mean: -0.004055, x mean: -0.003277
2026-07-14 15:37:08,965 - training - INFO - train x_hat mean: -0.003803, x mean: 0.016729
2026-07-14 15:37:08,975 - training - INFO - train x_hat mean: -0.003687, x mean: 0.015628
2026-07-14 15:37:08,985 - training - INFO - train x_hat mean: -0.004091, x mean: 0.008674
2026-07-14 15:37:08,995 - training - INFO - train x_hat mean: -0.003991, x mean: 0.022337
2026-07-14 15:37:09,004 - training - INFO - train x_hat mean: -0.003909, x mean: 0.018536
2026-07-14 15:37:09,014 - training - INFO - train x_hat mean: -0.003861, x mean: 0.002018
2026-07-14 15:37:09,023 - training - INFO - train x_hat mean: -0.004145, x mean: -0.037028
2026-07-14 15:37:09,033 - training - INFO - train x_hat mean: -0.004053, x mean: -0.007400
2026-07-14 15:37:09,043 - training - INFO - train x_hat mean: -0.004171, x mean: -0.005619
2026-07-14 15:37:09,053 - training - INFO - train x_hat mean: -0.004013, x mean: -0.000063
2026-07-14 15:37:09,062 - training - INFO - train x_hat mean: -0.004106, x mean: 0.014393
2026-07-14 15:37:09,072 - training - INFO - train x_hat mean: -0.004089, x mean: 0.002048
2026-07-14 15:37:09,081 - training - INFO - train x_hat mean: -0.003960, x mean: 0.005519
2026-07-14 15:37:09,091 - training - INFO - train x_hat mean: -0.004152, x mean: -0.007644
2026-07-14 15:37:09,100 - training - INFO - train x_hat mean: -0.004111, x mean: -0.008604
2026-07-14 15:37:09,110 - training - INFO - train x_hat mean: -0.004367, x mean: 0.004468
2026-07-14 15:37:09,120 - training - INFO - train x_hat mean: -0.004487, x mean: -0.019184
2026-07-14 15:37:09,131 - training - INFO - train x_hat mean: -0.004608, x mean: 0.006181
2026-07-14 15:37:09,140 - training - INFO - train x_hat mean: -0.004578, x mean: -0.004959
2026-07-14 15:37:09,150 - training - INFO - train x_hat mean: -0.004499, x mean: 0.008623
2026-07-14 15:37:09,160 - training - INFO - train x_hat mean: -0.004300, x mean: -0.000772
2026-07-14 15:37:09,170 - training - INFO - train x_hat mean: -0.004696, x mean: -0.008668
2026-07-14 15:37:09,180 - training - INFO - train x_hat mean: -0.004560, x mean: -0.004208
2026-07-14 15:37:09,190 - training - INFO - train x_hat mean: -0.004599, x mean: -0.004948
2026-07-14 15:37:09,199 - training - INFO - train x_hat mean: -0.004799, x mean: -0.001959
2026-07-14 15:37:09,209 - training - INFO - train x_hat mean: -0.005066, x mean: -0.008498
2026-07-14 15:37:09,219 - training - INFO - train x_hat mean: -0.004807, x mean: 0.007600
2026-07-14 15:37:09,230 - training - INFO - train x_hat mean: -0.004763, x mean: 0.002432
2026-07-14 15:37:09,239 - training - INFO - train x_hat mean: -0.005223, x mean: 0.012892
2026-07-14 15:37:09,249 - training - INFO - train x_hat mean: -0.004699, x mean: 0.009809
2026-07-14 15:37:09,258 - training - INFO - train x_hat mean: -0.004861, x mean: 0.022409
2026-07-14 15:37:09,268 - training - INFO - train x_hat mean: -0.004905, x mean: 0.013799
2026-07-14 15:37:09,278 - training - INFO - train x_hat mean: -0.005363, x mean: -0.017640
2026-07-14 15:37:09,288 - training - INFO - train x_hat mean: -0.005085, x mean: -0.004052
2026-07-14 15:37:09,298 - training - INFO - train x_hat mean: -0.005188, x mean: -0.035788
2026-07-14 15:37:09,307 - training - INFO - train x_hat mean: -0.004874, x mean: 0.010017
2026-07-14 15:37:09,317 - training - INFO - train x_hat mean: -0.005517, x mean: 0.010271
2026-07-14 15:37:09,327 - training - INFO - train x_hat mean: -0.005071, x mean: -0.018473
2026-07-14 15:37:09,337 - training - INFO - train x_hat mean: -0.005619, x mean: -0.047197
2026-07-14 15:37:09,346 - training - INFO - train x_hat mean: -0.005509, x mean: -0.027505
2026-07-14 15:37:09,355 - training - INFO - train x_hat mean: -0.006012, x mean: 0.012173
2026-07-14 15:37:09,365 - training - INFO - train x_hat mean: -0.005878, x mean: 0.011349
2026-07-14 15:37:09,374 - training - INFO - train x_hat mean: -0.005687, x mean: 0.011079
2026-07-14 15:37:09,384 - training - INFO - train x_hat mean: -0.005988, x mean: 0.002550
2026-07-14 15:37:09,393 - training - INFO - train x_hat mean: -0.005925, x mean: 0.010919
2026-07-14 15:37:09,403 - training - INFO - train x_hat mean: -0.005991, x mean: -0.007105
2026-07-14 15:37:09,412 - training - INFO - train x_hat mean: -0.006099, x mean: -0.004288
2026-07-14 15:37:09,422 - training - INFO - train x_hat mean: -0.006255, x mean: -0.016244
2026-07-14 15:37:09,432 - training - INFO - train x_hat mean: -0.006382, x mean: 0.001435
2026-07-14 15:37:09,442 - training - INFO - train x_hat mean: -0.006363, x mean: 0.020952
2026-07-14 15:37:09,451 - training - INFO - train x_hat mean: -0.005814, x mean: 0.018012
2026-07-14 15:37:09,462 - training - INFO - train x_hat mean: -0.006349, x mean: 0.016085
2026-07-14 15:37:09,472 - training - INFO - train x_hat mean: -0.006279, x mean: 0.012185
2026-07-14 15:37:09,482 - training - INFO - train x_hat mean: -0.006199, x mean: -0.000536
2026-07-14 15:37:09,491 - training - INFO - train x_hat mean: -0.006339, x mean: -0.013284
2026-07-14 15:37:09,501 - training - INFO - train x_hat mean: -0.007005, x mean: -0.037292
2026-07-14 15:37:09,510 - training - INFO - train x_hat mean: -0.006387, x mean: -0.005377
2026-07-14 15:37:09,521 - training - INFO - train x_hat mean: -0.006915, x mean: 0.028780
2026-07-14 15:37:09,531 - training - INFO - train x_hat mean: -0.006537, x mean: 0.008632
2026-07-14 15:37:09,541 - training - INFO - train x_hat mean: -0.007253, x mean: -0.001207
2026-07-14 15:37:09,551 - training - INFO - train x_hat mean: -0.006568, x mean: 0.037242
2026-07-14 15:37:09,560 - training - INFO - train x_hat mean: -0.006593, x mean: -0.007919
2026-07-14 15:37:09,571 - training - INFO - train x_hat mean: -0.007125, x mean: -0.007430
2026-07-14 15:37:09,581 - training - INFO - train x_hat mean: -0.006390, x mean: -0.003640
2026-07-14 15:37:09,591 - training - INFO - train x_hat mean: -0.007201, x mean: -0.011268
2026-07-14 15:37:09,600 - training - INFO - train x_hat mean: -0.006836, x mean: -0.001279
2026-07-14 15:37:09,610 - training - INFO - train x_hat mean: -0.006975, x mean: 0.002510
2026-07-14 15:37:09,620 - training - INFO - train x_hat mean: -0.006693, x mean: -0.026163
2026-07-14 15:37:09,630 - training - INFO - train x_hat mean: -0.006698, x mean: -0.016513
2026-07-14 15:37:09,640 - training - INFO - train x_hat mean: -0.007073, x mean: 0.017702
2026-07-14 15:37:09,649 - training - INFO - train x_hat mean: -0.007041, x mean: 0.018673
2026-07-14 15:37:09,659 - training - INFO - train x_hat mean: -0.006922, x mean: -0.002214
2026-07-14 15:37:09,669 - training - INFO - train x_hat mean: -0.007599, x mean: 0.001248
2026-07-14 15:37:09,679 - training - INFO - train x_hat mean: -0.006995, x mean: -0.022018
2026-07-14 15:37:09,688 - training - INFO - train x_hat mean: -0.007490, x mean: 0.014080
2026-07-14 15:37:09,698 - training - INFO - train x_hat mean: -0.007187, x mean: -0.024083
2026-07-14 15:37:09,708 - training - INFO - train x_hat mean: -0.007679, x mean: 0.039914
2026-07-14 15:37:09,718 - training - INFO - train x_hat mean: -0.007710, x mean: -0.004183
2026-07-14 15:37:09,729 - training - INFO - train x_hat mean: -0.007171, x mean: -0.002632
2026-07-14 15:37:09,739 - training - INFO - train x_hat mean: -0.007627, x mean: -0.018051
2026-07-14 15:37:09,749 - training - INFO - train x_hat mean: -0.007435, x mean: -0.046320
2026-07-14 15:37:09,758 - training - INFO - train x_hat mean: -0.007642, x mean: 0.001978
2026-07-14 15:37:09,769 - training - INFO - train x_hat mean: -0.007755, x mean: -0.000960
2026-07-14 15:37:09,779 - training - INFO - train x_hat mean: -0.007800, x mean: -0.021961
2026-07-14 15:37:09,788 - training - INFO - train x_hat mean: -0.007445, x mean: -0.002090
2026-07-14 15:37:09,799 - training - INFO - train x_hat mean: -0.007607, x mean: 0.004317
2026-07-14 15:37:09,810 - training - INFO - train x_hat mean: -0.008038, x mean: -0.041392
2026-07-14 15:37:09,820 - training - INFO - train x_hat mean: -0.007847, x mean: -0.005414
2026-07-14 15:37:09,831 - training - INFO - train x_hat mean: -0.007775, x mean: 0.016504
2026-07-14 15:37:09,841 - training - INFO - train x_hat mean: -0.008210, x mean: -0.025627
2026-07-14 15:37:09,851 - training - INFO - train x_hat mean: -0.008399, x mean: -0.001948
2026-07-14 15:37:09,861 - training - INFO - train x_hat mean: -0.007616, x mean: 0.004218
2026-07-14 15:37:09,871 - training - INFO - train x_hat mean: -0.008283, x mean: 0.007081
2026-07-14 15:37:09,881 - training - INFO - train x_hat mean: -0.007995, x mean: -0.000108
2026-07-14 15:37:09,890 - training - INFO - train x_hat mean: -0.008526, x mean: -0.002983
2026-07-14 15:37:09,900 - training - INFO - train x_hat mean: -0.008964, x mean: -0.016674
2026-07-14 15:37:09,910 - training - INFO - train x_hat mean: -0.008667, x mean: 0.023876
2026-07-14 15:37:09,920 - training - INFO - train x_hat mean: -0.008585, x mean: 0.015385
2026-07-14 15:37:09,929 - training - INFO - train x_hat mean: -0.008651, x mean: 0.002449
2026-07-14 15:37:09,941 - training - INFO - train x_hat mean: -0.008372, x mean: -0.043287
2026-07-14 15:37:09,951 - training - INFO - train x_hat mean: -0.009106, x mean: -0.017207
2026-07-14 15:37:09,962 - training - INFO - train x_hat mean: -0.009012, x mean: 0.004899
2026-07-14 15:37:09,972 - training - INFO - train x_hat mean: -0.008573, x mean: 0.019799
2026-07-14 15:37:09,982 - training - INFO - train x_hat mean: -0.008977, x mean: 0.005537
2026-07-14 15:37:09,991 - training - INFO - train x_hat mean: -0.009586, x mean: -0.008876
2026-07-14 15:37:10,002 - training - INFO - train x_hat mean: -0.009588, x mean: -0.013690
2026-07-14 15:37:10,013 - training - INFO - train x_hat mean: -0.009033, x mean: 0.010471
2026-07-14 15:37:10,023 - training - INFO - train x_hat mean: -0.009948, x mean: 0.019187
2026-07-14 15:37:10,033 - training - INFO - train x_hat mean: -0.009640, x mean: -0.024500
2026-07-14 15:37:10,042 - training - INFO - train x_hat mean: -0.009655, x mean: -0.003717
2026-07-14 15:37:10,052 - training - INFO - train x_hat mean: -0.010501, x mean: -0.014487
2026-07-14 15:37:10,061 - training - INFO - train x_hat mean: -0.009829, x mean: 0.014067
2026-07-14 15:37:10,071 - training - INFO - train x_hat mean: -0.009776, x mean: -0.002963
2026-07-14 15:37:10,081 - training - INFO - train x_hat mean: -0.009202, x mean: 0.000753
2026-07-14 15:37:10,091 - training - INFO - train x_hat mean: -0.010014, x mean: -0.038443
2026-07-14 15:37:10,101 - training - INFO - train x_hat mean: -0.009733, x mean: 0.026612
2026-07-14 15:37:10,110 - training - INFO - train x_hat mean: -0.009737, x mean: -0.006353
2026-07-14 15:37:10,121 - training - INFO - train x_hat mean: -0.011101, x mean: -0.047550
2026-07-14 15:37:10,131 - training - INFO - train x_hat mean: -0.010361, x mean: 0.001096
2026-07-14 15:37:10,141 - training - INFO - train x_hat mean: -0.010913, x mean: -0.048548
2026-07-14 15:37:10,150 - training - INFO - train x_hat mean: -0.011106, x mean: 0.019270
2026-07-14 15:37:10,160 - training - INFO - train x_hat mean: -0.010717, x mean: -0.016229
2026-07-14 15:37:10,170 - training - INFO - train x_hat mean: -0.010786, x mean: -0.002648
2026-07-14 15:37:10,180 - training - INFO - train x_hat mean: -0.011314, x mean: 0.010121
2026-07-14 15:37:10,190 - training - INFO - train x_hat mean: -0.011277, x mean: -0.002444
2026-07-14 15:37:10,200 - training - INFO - train x_hat mean: -0.011720, x mean: -0.000470
2026-07-14 15:37:10,210 - training - INFO - train x_hat mean: -0.011557, x mean: -0.006829
2026-07-14 15:37:10,221 - training - INFO - train x_hat mean: -0.011114, x mean: 0.031618
2026-07-14 15:37:10,231 - training - INFO - train x_hat mean: -0.011037, x mean: 0.023829
2026-07-14 15:37:10,241 - training - INFO - train x_hat mean: -0.011389, x mean: 0.011034
2026-07-14 15:37:10,251 - training - INFO - train x_hat mean: -0.012175, x mean: -0.024257
2026-07-14 15:37:10,261 - training - INFO - train x_hat mean: -0.012366, x mean: 0.012410
2026-07-14 15:37:10,271 - training - INFO - train x_hat mean: -0.011729, x mean: 0.005796
2026-07-14 15:37:10,280 - training - INFO - train x_hat mean: -0.011760, x mean: 0.013720
2026-07-14 15:37:10,290 - training - INFO - train x_hat mean: -0.011960, x mean: -0.009951
2026-07-14 15:37:10,300 - training - INFO - train x_hat mean: -0.012103, x mean: -0.020239
2026-07-14 15:37:10,310 - training - INFO - train x_hat mean: -0.012395, x mean: -0.009576
2026-07-14 15:37:10,320 - training - INFO - train x_hat mean: -0.011434, x mean: -0.039119
2026-07-14 15:37:10,330 - training - INFO - train x_hat mean: -0.011255, x mean: 0.001085
2026-07-14 15:37:10,340 - training - INFO - train x_hat mean: -0.012519, x mean: -0.009996
2026-07-14 15:37:10,350 - training - INFO - train x_hat mean: -0.012210, x mean: 0.006969
2026-07-14 15:37:10,360 - training - INFO - train x_hat mean: -0.011771, x mean: 0.028242
2026-07-14 15:37:10,370 - training - INFO - train x_hat mean: -0.011929, x mean: -0.005544
2026-07-14 15:37:10,380 - training - INFO - train x_hat mean: -0.011114, x mean: -0.034356
2026-07-14 15:37:10,390 - training - INFO - train x_hat mean: -0.012611, x mean: 0.005230
2026-07-14 15:37:10,400 - training - INFO - train x_hat mean: -0.011470, x mean: 0.005741
2026-07-14 15:37:10,410 - training - INFO - train x_hat mean: -0.013104, x mean: 0.007672
2026-07-14 15:37:10,420 - training - INFO - train x_hat mean: -0.012919, x mean: -0.078369
2026-07-14 15:37:10,430 - training - INFO - train x_hat mean: -0.012209, x mean: 0.008554
2026-07-14 15:37:10,440 - training - INFO - train x_hat mean: -0.012731, x mean: -0.011761
2026-07-14 15:37:10,450 - training - INFO - train x_hat mean: -0.012788, x mean: 0.016846
2026-07-14 15:37:10,460 - training - INFO - train x_hat mean: -0.014067, x mean: 0.029561
2026-07-14 15:37:10,470 - training - INFO - train x_hat mean: -0.013067, x mean: -0.027592
2026-07-14 15:37:10,481 - training - INFO - train x_hat mean: -0.013365, x mean: 0.013784
2026-07-14 15:37:10,490 - training - INFO - train x_hat mean: -0.013349, x mean: 0.007915
2026-07-14 15:37:10,500 - training - INFO - train x_hat mean: -0.013276, x mean: -0.009112
2026-07-14 15:37:10,510 - training - INFO - train x_hat mean: -0.013978, x mean: 0.001156
2026-07-14 15:37:10,519 - training - INFO - train x_hat mean: -0.013545, x mean: -0.049718
2026-07-14 15:37:10,529 - training - INFO - train x_hat mean: -0.013244, x mean: -0.000229
2026-07-14 15:37:10,539 - training - INFO - train x_hat mean: -0.013034, x mean: -0.010242
2026-07-14 15:37:10,549 - training - INFO - train x_hat mean: -0.014180, x mean: -0.000513
2026-07-14 15:37:10,559 - training - INFO - train x_hat mean: -0.014003, x mean: 0.008070
2026-07-14 15:37:10,569 - training - INFO - train x_hat mean: -0.013064, x mean: -0.054727
2026-07-14 15:37:10,579 - training - INFO - train x_hat mean: -0.013064, x mean: 0.001240
2026-07-14 15:37:10,589 - training - INFO - train x_hat mean: -0.013474, x mean: 0.018125
2026-07-14 15:37:10,599 - training - INFO - train x_hat mean: -0.013874, x mean: -0.006408
2026-07-14 15:37:10,609 - training - INFO - train x_hat mean: -0.013272, x mean: 0.001560
2026-07-14 15:37:10,619 - training - INFO - train x_hat mean: -0.014428, x mean: 0.007707
2026-07-14 15:37:10,630 - training - INFO - train x_hat mean: -0.014048, x mean: 0.005424
2026-07-14 15:37:10,640 - training - INFO - train x_hat mean: -0.014139, x mean: -0.008206
2026-07-14 15:37:10,649 - training - INFO - train x_hat mean: -0.013585, x mean: -0.011476
2026-07-14 15:37:10,659 - training - INFO - train x_hat mean: -0.013990, x mean: -0.008945
2026-07-14 15:37:10,670 - training - INFO - train x_hat mean: -0.013323, x mean: -0.009466
2026-07-14 15:37:10,681 - training - INFO - train x_hat mean: -0.013792, x mean: 0.018262
2026-07-14 15:37:10,691 - training - INFO - train x_hat mean: -0.014401, x mean: -0.002197
2026-07-14 15:37:10,701 - training - INFO - train x_hat mean: -0.015942, x mean: -0.018785
2026-07-14 15:37:10,712 - training - INFO - train x_hat mean: -0.014459, x mean: -0.055109
2026-07-14 15:37:10,723 - training - INFO - train x_hat mean: -0.014577, x mean: -0.024075
2026-07-14 15:37:10,735 - training - INFO - train x_hat mean: -0.014109, x mean: 0.008505
2026-07-14 15:37:10,745 - training - INFO - train x_hat mean: -0.016319, x mean: 0.021205
2026-07-14 15:37:10,754 - training - INFO - train x_hat mean: -0.014429, x mean: -0.000171
2026-07-14 15:37:10,764 - training - INFO - train x_hat mean: -0.013889, x mean: 0.015279
2026-07-14 15:37:10,774 - training - INFO - train x_hat mean: -0.015366, x mean: -0.002413
2026-07-14 15:37:10,784 - training - INFO - train x_hat mean: -0.014030, x mean: 0.020321
2026-07-14 15:37:10,794 - training - INFO - train x_hat mean: -0.014986, x mean: 0.009818
2026-07-14 15:37:10,804 - training - INFO - train x_hat mean: -0.014036, x mean: 0.002846
2026-07-14 15:37:10,814 - training - INFO - train x_hat mean: -0.015497, x mean: 0.024077
2026-07-14 15:37:10,824 - training - INFO - train x_hat mean: -0.014715, x mean: 0.003472
2026-07-14 15:37:10,833 - training - INFO - train x_hat mean: -0.015664, x mean: 0.009837
2026-07-14 15:37:10,843 - training - INFO - train x_hat mean: -0.014234, x mean: 0.018170
2026-07-14 15:37:10,853 - training - INFO - train x_hat mean: -0.014391, x mean: 0.022853
2026-07-14 15:37:10,865 - training - INFO - train x_hat mean: -0.013506, x mean: 0.012272
2026-07-14 15:37:10,875 - training - INFO - train x_hat mean: -0.014411, x mean: 0.013512
2026-07-14 15:37:10,885 - training - INFO - train x_hat mean: -0.013740, x mean: 0.005194
2026-07-14 15:37:10,894 - training - INFO - train x_hat mean: -0.013163, x mean: 0.025176
2026-07-14 15:37:10,904 - training - INFO - train x_hat mean: -0.013561, x mean: 0.022192
2026-07-14 15:37:10,914 - training - INFO - train x_hat mean: -0.013572, x mean: 0.012537
2026-07-14 15:37:10,924 - training - INFO - train x_hat mean: -0.012771, x mean: 0.027558
2026-07-14 15:37:10,934 - training - INFO - train x_hat mean: -0.013646, x mean: 0.032732
2026-07-14 15:37:10,944 - training - INFO - train x_hat mean: -0.013602, x mean: 0.027573
2026-07-14 15:37:10,953 - training - INFO - train x_hat mean: -0.011136, x mean: 0.004889
2026-07-14 15:37:10,963 - training - INFO - train x_hat mean: -0.013229, x mean: -0.011697
2026-07-14 15:37:10,973 - training - INFO - train x_hat mean: -0.011060, x mean: 0.013184
2026-07-14 15:37:10,984 - training - INFO - train x_hat mean: -0.012774, x mean: -0.011491
2026-07-14 15:37:10,993 - training - INFO - train x_hat mean: -0.011946, x mean: 0.009291
2026-07-14 15:37:11,003 - training - INFO - train x_hat mean: -0.012584, x mean: 0.007258
2026-07-14 15:37:11,013 - training - INFO - train x_hat mean: -0.011243, x mean: -0.001412
2026-07-14 15:37:11,024 - training - INFO - train x_hat mean: -0.010582, x mean: -0.000062
2026-07-14 15:37:11,034 - training - INFO - train x_hat mean: -0.011232, x mean: -0.038072
2026-07-14 15:37:11,044 - training - INFO - train x_hat mean: -0.011503, x mean: -0.012260
2026-07-14 15:37:11,054 - training - INFO - train x_hat mean: -0.011371, x mean: -0.006253
2026-07-14 15:37:11,064 - training - INFO - train x_hat mean: -0.010857, x mean: 0.011842
2026-07-14 15:37:11,074 - training - INFO - train x_hat mean: -0.011233, x mean: 0.012408
2026-07-14 15:37:11,084 - training - INFO - train x_hat mean: -0.009898, x mean: 0.011190
2026-07-14 15:37:11,093 - training - INFO - train x_hat mean: -0.011486, x mean: -0.023781
2026-07-14 15:37:11,103 - training - INFO - train x_hat mean: -0.011436, x mean: 0.010757
2026-07-14 15:37:11,113 - training - INFO - train x_hat mean: -0.010289, x mean: 0.013144
2026-07-14 15:37:11,122 - training - INFO - train x_hat mean: -0.010934, x mean: 0.004974
2026-07-14 15:37:11,133 - training - INFO - train x_hat mean: -0.010370, x mean: -0.017950
2026-07-14 15:37:11,143 - training - INFO - train x_hat mean: -0.010302, x mean: -0.009955
2026-07-14 15:37:11,153 - training - INFO - train x_hat mean: -0.009518, x mean: -0.031863
2026-07-14 15:37:11,163 - training - INFO - train x_hat mean: -0.009736, x mean: -0.013849
2026-07-14 15:37:11,172 - training - INFO - train x_hat mean: -0.009739, x mean: 0.003921
2026-07-14 15:37:11,183 - training - INFO - train x_hat mean: -0.009902, x mean: -0.014818
2026-07-14 15:37:11,193 - training - INFO - train x_hat mean: -0.009678, x mean: 0.012634
2026-07-14 15:37:11,203 - training - INFO - train x_hat mean: -0.008731, x mean: -0.010633
2026-07-14 15:37:11,213 - training - INFO - train x_hat mean: -0.009801, x mean: -0.015895
2026-07-14 15:37:11,222 - training - INFO - train x_hat mean: -0.009455, x mean: -0.004873
2026-07-14 15:37:11,233 - training - INFO - train x_hat mean: -0.009503, x mean: -0.031384
2026-07-14 15:37:11,243 - training - INFO - train x_hat mean: -0.009419, x mean: -0.013711
2026-07-14 15:37:11,253 - training - INFO - train x_hat mean: -0.009703, x mean: -0.001487
2026-07-14 15:37:11,263 - training - INFO - train x_hat mean: -0.009491, x mean: 0.009698
2026-07-14 15:37:11,273 - training - INFO - train x_hat mean: -0.010070, x mean: -0.029827
2026-07-14 15:37:11,283 - training - INFO - train x_hat mean: -0.009338, x mean: 0.030033
2026-07-14 15:37:11,292 - training - INFO - train x_hat mean: -0.010168, x mean: 0.011939
2026-07-14 15:37:11,302 - training - INFO - train x_hat mean: -0.009016, x mean: 0.009839
2026-07-14 15:37:11,312 - training - INFO - train x_hat mean: -0.008861, x mean: -0.014609
2026-07-14 15:37:11,321 - training - INFO - train x_hat mean: -0.009277, x mean: 0.007448
2026-07-14 15:37:11,332 - training - INFO - train x_hat mean: -0.010136, x mean: -0.004706
2026-07-14 15:37:11,342 - training - INFO - train x_hat mean: -0.009799, x mean: 0.027953
2026-07-14 15:37:11,352 - training - INFO - train x_hat mean: -0.009663, x mean: 0.021436
2026-07-14 15:37:11,361 - training - INFO - train x_hat mean: -0.008947, x mean: -0.003807
2026-07-14 15:37:11,371 - training - INFO - train x_hat mean: -0.009045, x mean: -0.022072
2026-07-14 15:37:11,381 - training - INFO - train x_hat mean: -0.009478, x mean: -0.004510
2026-07-14 15:37:11,391 - training - INFO - train x_hat mean: -0.008425, x mean: 0.007213
2026-07-14 15:37:11,401 - training - INFO - train x_hat mean: -0.008692, x mean: 0.024326
2026-07-14 15:37:11,410 - training - INFO - train x_hat mean: -0.007965, x mean: 0.036375
2026-07-14 15:37:11,420 - training - INFO - train x_hat mean: -0.007439, x mean: 0.008416
2026-07-14 15:37:11,430 - training - INFO - train x_hat mean: -0.008074, x mean: 0.002078
2026-07-14 15:37:11,439 - training - INFO - train x_hat mean: -0.007552, x mean: -0.001825
2026-07-14 15:37:11,450 - training - INFO - train x_hat mean: -0.007877, x mean: 0.007121
2026-07-14 15:37:11,459 - training - INFO - train x_hat mean: -0.007211, x mean: 0.014323
2026-07-14 15:37:11,469 - training - INFO - train x_hat mean: -0.006898, x mean: -0.060696
2026-07-14 15:37:11,479 - training - INFO - train x_hat mean: -0.006723, x mean: 0.014493
2026-07-14 15:37:11,488 - training - INFO - train x_hat mean: -0.006693, x mean: -0.009182
2026-07-14 15:37:11,499 - training - INFO - train x_hat mean: -0.006305, x mean: 0.002710
2026-07-14 15:37:11,508 - training - INFO - train x_hat mean: -0.006332, x mean: -0.006138
2026-07-14 15:37:11,518 - training - INFO - train x_hat mean: -0.006081, x mean: 0.017634
2026-07-14 15:37:11,528 - training - INFO - train x_hat mean: -0.006063, x mean: -0.011880
2026-07-14 15:37:11,538 - training - INFO - train x_hat mean: -0.006142, x mean: -0.012907
2026-07-14 15:37:11,548 - training - INFO - train x_hat mean: -0.005606, x mean: -0.012891
2026-07-14 15:37:11,557 - training - INFO - train x_hat mean: -0.006133, x mean: 0.002848
2026-07-14 15:37:11,567 - training - INFO - train x_hat mean: -0.005430, x mean: 0.011453
2026-07-14 15:37:11,577 - training - INFO - train x_hat mean: -0.005374, x mean: 0.005364
2026-07-14 15:37:11,586 - training - INFO - train x_hat mean: -0.005641, x mean: 0.003786
2026-07-14 15:37:11,596 - training - INFO - train x_hat mean: -0.005011, x mean: 0.001199
2026-07-14 15:37:11,605 - training - INFO - train x_hat mean: -0.004963, x mean: -0.009162
2026-07-14 15:37:11,615 - training - INFO - train x_hat mean: -0.005246, x mean: -0.001649
2026-07-14 15:37:11,625 - training - INFO - train x_hat mean: -0.005286, x mean: -0.051712
2026-07-14 15:37:11,636 - training - INFO - train x_hat mean: -0.005222, x mean: -0.007807
2026-07-14 15:37:11,646 - training - INFO - train x_hat mean: -0.005386, x mean: -0.016898
2026-07-14 15:37:11,656 - training - INFO - train x_hat mean: -0.004775, x mean: 0.019206
2026-07-14 15:37:11,666 - training - INFO - train x_hat mean: -0.004882, x mean: -0.002189
2026-07-14 15:37:11,676 - training - INFO - train x_hat mean: -0.004786, x mean: -0.002288
2026-07-14 15:37:11,686 - training - INFO - train x_hat mean: -0.004975, x mean: 0.009495
2026-07-14 15:37:11,697 - training - INFO - train x_hat mean: -0.004882, x mean: 0.020406
2026-07-14 15:37:11,707 - training - INFO - train x_hat mean: -0.004379, x mean: 0.022047
2026-07-14 15:37:11,716 - training - INFO - train x_hat mean: -0.004159, x mean: 0.030957
2026-07-14 15:37:11,727 - training - INFO - train x_hat mean: -0.004754, x mean: -0.019774
2026-07-14 15:37:11,737 - training - INFO - train x_hat mean: -0.004045, x mean: 0.007935
2026-07-14 15:37:11,747 - training - INFO - train x_hat mean: -0.003945, x mean: 0.006792
2026-07-14 15:37:11,757 - training - INFO - train x_hat mean: -0.003544, x mean: 0.027304
2026-07-14 15:37:11,767 - training - INFO - train x_hat mean: -0.003434, x mean: -0.011729
2026-07-14 15:37:11,777 - training - INFO - train x_hat mean: -0.003462, x mean: -0.017268
2026-07-14 15:37:11,787 - training - INFO - train x_hat mean: -0.002878, x mean: -0.001584
2026-07-14 15:37:11,797 - training - INFO - train x_hat mean: -0.002912, x mean: 0.007329
2026-07-14 15:37:11,807 - training - INFO - train x_hat mean: -0.002652, x mean: 0.007385
2026-07-14 15:37:11,817 - training - INFO - train x_hat mean: -0.002493, x mean: 0.011363
2026-07-14 15:37:11,828 - training - INFO - train x_hat mean: -0.002233, x mean: 0.010757
2026-07-14 15:37:11,837 - training - INFO - train x_hat mean: -0.002503, x mean: 0.008590
2026-07-14 15:37:11,848 - training - INFO - train x_hat mean: -0.002143, x mean: -0.000428
2026-07-14 15:37:11,858 - training - INFO - train x_hat mean: -0.001468, x mean: 0.025780
2026-07-14 15:37:11,868 - training - INFO - train x_hat mean: -0.002031, x mean: -0.022505
2026-07-14 15:37:11,878 - training - INFO - train x_hat mean: -0.001525, x mean: 0.000106
2026-07-14 15:37:11,888 - training - INFO - train x_hat mean: -0.001559, x mean: 0.013307
2026-07-14 15:37:11,898 - training - INFO - train x_hat mean: -0.001462, x mean: 0.000131
2026-07-14 15:37:11,908 - training - INFO - train x_hat mean: -0.001349, x mean: 0.007687
2026-07-14 15:37:11,919 - training - INFO - train x_hat mean: -0.000923, x mean: 0.030286
2026-07-14 15:37:11,929 - training - INFO - train x_hat mean: -0.001376, x mean: -0.009430
2026-07-14 15:37:11,941 - training - INFO - train x_hat mean: -0.001194, x mean: 0.006962
2026-07-14 15:37:11,954 - training - INFO - train x_hat mean: -0.000926, x mean: 0.015889
2026-07-14 15:37:11,965 - training - INFO - train x_hat mean: -0.001177, x mean: -0.015378
2026-07-14 15:37:11,975 - training - INFO - train x_hat mean: -0.000324, x mean: 0.015852
2026-07-14 15:37:11,986 - training - INFO - train x_hat mean: -0.000766, x mean: -0.027300
2026-07-14 15:37:11,995 - training - INFO - train x_hat mean: -0.000648, x mean: -0.018611
2026-07-14 15:37:12,005 - training - INFO - train x_hat mean: -0.000616, x mean: -0.010028
2026-07-14 15:37:12,015 - training - INFO - train x_hat mean: -0.000537, x mean: -0.012681
2026-07-14 15:37:12,024 - training - INFO - train x_hat mean: -0.000240, x mean: -0.021673
2026-07-14 15:37:12,034 - training - INFO - train x_hat mean: 0.000217, x mean: 0.008216
2026-07-14 15:37:12,044 - training - INFO - train x_hat mean: -0.000266, x mean: 0.009969
2026-07-14 15:37:12,054 - training - INFO - train x_hat mean: 0.000341, x mean: 0.015486
2026-07-14 15:37:12,065 - training - INFO - train x_hat mean: 0.000415, x mean: 0.016465
2026-07-14 15:37:12,074 - training - INFO - train x_hat mean: 0.000283, x mean: 0.015218
2026-07-14 15:37:12,085 - training - INFO - train x_hat mean: 0.000731, x mean: 0.015555
2026-07-14 15:37:12,095 - training - INFO - train x_hat mean: 0.000207, x mean: -0.003591
2026-07-14 15:37:12,105 - training - INFO - train x_hat mean: -0.000174, x mean: -0.020351
2026-07-14 15:37:12,114 - training - INFO - train x_hat mean: 0.000542, x mean: -0.009493
2026-07-14 15:37:12,124 - training - INFO - train x_hat mean: 0.000255, x mean: -0.006704
2026-07-14 15:37:12,134 - training - INFO - train x_hat mean: 0.000312, x mean: -0.024487
2026-07-14 15:37:12,143 - training - INFO - train x_hat mean: 0.000429, x mean: -0.003625
2026-07-14 15:37:12,153 - training - INFO - train x_hat mean: 0.000332, x mean: -0.013373
2026-07-14 15:37:12,163 - training - INFO - train x_hat mean: 0.000503, x mean: -0.001301
2026-07-14 15:37:12,172 - training - INFO - train x_hat mean: 0.000680, x mean: 0.005168
2026-07-14 15:37:12,182 - training - INFO - train x_hat mean: -0.000115, x mean: -0.029505
2026-07-14 15:37:12,192 - training - INFO - train x_hat mean: -0.000245, x mean: -0.042300
2026-07-14 15:37:12,203 - training - INFO - train x_hat mean: 0.000350, x mean: 0.008217
2026-07-14 15:37:12,214 - training - INFO - train x_hat mean: 0.000615, x mean: 0.010582
2026-07-14 15:37:12,225 - training - INFO - train x_hat mean: 0.000300, x mean: 0.008616
2026-07-14 15:37:12,234 - training - INFO - train x_hat mean: 0.000330, x mean: 0.006339
2026-07-14 15:37:12,244 - training - INFO - train x_hat mean: 0.000668, x mean: 0.027234
2026-07-14 15:37:12,254 - training - INFO - train x_hat mean: 0.000469, x mean: -0.012232
2026-07-14 15:37:12,264 - training - INFO - train x_hat mean: -0.000779, x mean: -0.050931
2026-07-14 15:37:12,274 - training - INFO - train x_hat mean: 0.000535, x mean: 0.004523
2026-07-14 15:37:12,284 - training - INFO - train x_hat mean: 0.000354, x mean: -0.012114
2026-07-14 15:37:12,294 - training - INFO - train x_hat mean: 0.000059, x mean: 0.001724
2026-07-14 15:37:12,304 - training - INFO - train x_hat mean: -0.000090, x mean: -0.021106
2026-07-14 15:37:12,314 - training - INFO - train x_hat mean: 0.000194, x mean: -0.005041
2026-07-14 15:37:12,324 - training - INFO - train x_hat mean: -0.000107, x mean: -0.002171
2026-07-14 15:37:12,334 - training - INFO - train x_hat mean: -0.000669, x mean: -0.030865
2026-07-14 15:37:12,344 - training - INFO - train x_hat mean: 0.000265, x mean: -0.004915
2026-07-14 15:37:12,354 - training - INFO - train x_hat mean: 0.000356, x mean: 0.003014
2026-07-14 15:37:12,364 - training - INFO - train x_hat mean: 0.000101, x mean: 0.000058
2026-07-14 15:37:12,374 - training - INFO - train x_hat mean: 0.000615, x mean: 0.017587
2026-07-14 15:37:12,384 - training - INFO - train x_hat mean: -0.000075, x mean: 0.002528
2026-07-14 15:37:12,394 - training - INFO - train x_hat mean: 0.000745, x mean: 0.008808
2026-07-14 15:37:12,404 - training - INFO - train x_hat mean: 0.000514, x mean: 0.002382
2026-07-14 15:37:12,415 - training - INFO - train x_hat mean: 0.000601, x mean: 0.007804
2026-07-14 15:37:12,425 - training - INFO - train x_hat mean: 0.000578, x mean: 0.005732
2026-07-14 15:37:12,435 - training - INFO - train x_hat mean: 0.000971, x mean: 0.010548
2026-07-14 15:37:12,445 - training - INFO - train x_hat mean: 0.001507, x mean: 0.030821
2026-07-14 15:37:12,455 - training - INFO - train x_hat mean: 0.001194, x mean: 0.010327
2026-07-14 15:37:12,465 - training - INFO - train x_hat mean: 0.001632, x mean: 0.026322
2026-07-14 15:37:12,474 - training - INFO - train x_hat mean: 0.000798, x mean: -0.015201
2026-07-14 15:37:12,484 - training - INFO - train x_hat mean: 0.000462, x mean: -0.021837
2026-07-14 15:37:12,495 - training - INFO - train x_hat mean: 0.002505, x mean: 0.018320
2026-07-14 15:37:12,505 - training - INFO - train x_hat mean: 0.001264, x mean: -0.019182
2026-07-14 15:37:12,515 - training - INFO - train x_hat mean: 0.002008, x mean: -0.006929
2026-07-14 15:37:12,525 - training - INFO - train x_hat mean: 0.002651, x mean: 0.018918
2026-07-14 15:37:12,535 - training - INFO - train x_hat mean: 0.002540, x mean: 0.010752
2026-07-14 15:37:12,545 - training - INFO - train x_hat mean: 0.002563, x mean: -0.029413
2026-07-14 15:37:12,555 - training - INFO - train x_hat mean: 0.004321, x mean: 0.007615
2026-07-14 15:37:12,565 - training - INFO - train x_hat mean: 0.003837, x mean: 0.019216
2026-07-14 15:37:12,575 - training - INFO - train x_hat mean: 0.002351, x mean: -0.035292
2026-07-14 15:37:12,585 - training - INFO - train x_hat mean: 0.003956, x mean: 0.012771
2026-07-14 15:37:12,595 - training - INFO - train x_hat mean: 0.003003, x mean: -0.014738
2026-07-14 15:37:12,605 - training - INFO - train x_hat mean: 0.003849, x mean: 0.001807
2026-07-14 15:37:12,615 - training - INFO - train x_hat mean: 0.004121, x mean: 0.004524
2026-07-14 15:37:12,625 - training - INFO - train x_hat mean: 0.004031, x mean: 0.013923
2026-07-14 15:37:12,634 - training - INFO - train x_hat mean: 0.004216, x mean: 0.007222
2026-07-14 15:37:12,644 - training - INFO - train x_hat mean: 0.005742, x mean: 0.021935
2026-07-14 15:37:12,654 - training - INFO - train x_hat mean: 0.003587, x mean: -0.003473
2026-07-14 15:37:12,664 - training - INFO - train x_hat mean: 0.004941, x mean: 0.014080
2026-07-14 15:37:12,674 - training - INFO - train x_hat mean: 0.004191, x mean: -0.008366
2026-07-14 15:37:12,685 - training - INFO - train x_hat mean: 0.004619, x mean: -0.015766
2026-07-14 15:37:12,695 - training - INFO - train x_hat mean: 0.005075, x mean: 0.001875
2026-07-14 15:37:12,705 - training - INFO - train x_hat mean: 0.005345, x mean: 0.014231
2026-07-14 15:37:12,715 - training - INFO - train x_hat mean: 0.005742, x mean: 0.018170
2026-07-14 15:37:12,726 - training - INFO - train x_hat mean: 0.004653, x mean: 0.015711
2026-07-14 15:37:12,736 - training - INFO - train x_hat mean: 0.005145, x mean: -0.008946
2026-07-14 15:37:12,746 - training - INFO - train x_hat mean: 0.005661, x mean: -0.005851
2026-07-14 15:37:12,756 - training - INFO - train x_hat mean: 0.004735, x mean: 0.003454
2026-07-14 15:37:12,766 - training - INFO - train x_hat mean: 0.005427, x mean: -0.015703
2026-07-14 15:37:12,776 - training - INFO - train x_hat mean: 0.005466, x mean: 0.021995
2026-07-14 15:37:12,787 - training - INFO - train x_hat mean: 0.006637, x mean: 0.022074
2026-07-14 15:37:12,797 - training - INFO - train x_hat mean: 0.005569, x mean: -0.006762
2026-07-14 15:37:12,808 - training - INFO - train x_hat mean: 0.005926, x mean: -0.013838
2026-07-14 15:37:12,818 - training - INFO - train x_hat mean: 0.007662, x mean: 0.022277
2026-07-14 15:37:12,828 - training - INFO - train x_hat mean: 0.006031, x mean: -0.001621
2026-07-14 15:37:12,837 - training - INFO - train x_hat mean: 0.006398, x mean: -0.001932
2026-07-14 15:37:12,847 - training - INFO - train x_hat mean: 0.006539, x mean: 0.005477
2026-07-14 15:37:12,857 - training - INFO - train x_hat mean: 0.006825, x mean: 0.014312
2026-07-14 15:37:12,867 - training - INFO - train x_hat mean: 0.005984, x mean: -0.021906
2026-07-14 15:37:12,876 - training - INFO - train x_hat mean: 0.006613, x mean: -0.007632
2026-07-14 15:37:12,886 - training - INFO - train x_hat mean: 0.007875, x mean: 0.021271
2026-07-14 15:37:12,896 - training - INFO - train x_hat mean: 0.005907, x mean: -0.008407
2026-07-14 15:37:12,905 - training - INFO - train x_hat mean: 0.006696, x mean: -0.040856
2026-07-14 15:37:12,914 - training - INFO - train x_hat mean: 0.005740, x mean: -0.020197
2026-07-14 15:37:12,924 - training - INFO - train x_hat mean: 0.006035, x mean: -0.010509
2026-07-14 15:37:12,934 - training - INFO - train x_hat mean: 0.007499, x mean: 0.007063
2026-07-14 15:37:12,944 - training - INFO - train x_hat mean: 0.007369, x mean: -0.002259
2026-07-14 15:37:12,953 - training - INFO - train x_hat mean: 0.005823, x mean: -0.023979
2026-07-14 15:37:12,963 - training - INFO - train x_hat mean: 0.008764, x mean: 0.007885
2026-07-14 15:37:12,973 - training - INFO - train x_hat mean: 0.007415, x mean: -0.000501
2026-07-14 15:37:12,982 - training - INFO - train x_hat mean: 0.007599, x mean: 0.010737
2026-07-14 15:37:12,992 - training - INFO - train x_hat mean: 0.010741, x mean: 0.038425
2026-07-14 15:37:13,003 - training - INFO - train x_hat mean: 0.007960, x mean: 0.017649
2026-07-14 15:37:13,012 - training - INFO - train x_hat mean: 0.007698, x mean: 0.004077
2026-07-14 15:37:13,022 - training - INFO - train x_hat mean: 0.008147, x mean: 0.016402
2026-07-14 15:37:13,032 - training - INFO - train x_hat mean: 0.009202, x mean: 0.002975
2026-07-14 15:37:13,042 - training - INFO - train x_hat mean: 0.008343, x mean: -0.013150
2026-07-14 15:37:13,052 - training - INFO - train x_hat mean: 0.008757, x mean: 0.025178
2026-07-14 15:37:13,061 - training - INFO - train x_hat mean: 0.008523, x mean: 0.003529
2026-07-14 15:37:13,071 - training - INFO - train x_hat mean: 0.009002, x mean: 0.008885
2026-07-14 15:37:13,081 - training - INFO - train x_hat mean: 0.007535, x mean: -0.001311
2026-07-14 15:37:13,091 - training - INFO - train x_hat mean: 0.009947, x mean: 0.010879
2026-07-14 15:37:13,101 - training - INFO - train x_hat mean: 0.009995, x mean: 0.023485
2026-07-14 15:37:13,110 - training - INFO - train x_hat mean: 0.009278, x mean: 0.001341
2026-07-14 15:37:13,120 - training - INFO - train x_hat mean: 0.008082, x mean: -0.006446
2026-07-14 15:37:13,129 - training - INFO - train x_hat mean: 0.008214, x mean: -0.001891
2026-07-14 15:37:13,139 - training - INFO - train x_hat mean: 0.011412, x mean: 0.040240
2026-07-14 15:37:13,149 - training - INFO - train x_hat mean: 0.008629, x mean: -0.002655
2026-07-14 15:37:13,159 - training - INFO - train x_hat mean: 0.009041, x mean: -0.007617
2026-07-14 15:37:13,169 - training - INFO - train x_hat mean: 0.010609, x mean: 0.015085
2026-07-14 15:37:13,178 - training - INFO - train x_hat mean: 0.010417, x mean: -0.006989
2026-07-14 15:37:13,188 - training - INFO - train x_hat mean: 0.010271, x mean: -0.008451
2026-07-14 15:37:13,198 - training - INFO - train x_hat mean: 0.009774, x mean: -0.015693
2026-07-14 15:37:13,207 - training - INFO - train x_hat mean: 0.010622, x mean: 0.021649
2026-07-14 15:37:13,217 - training - INFO - train x_hat mean: 0.011026, x mean: 0.004086
2026-07-14 15:37:13,227 - training - INFO - train x_hat mean: 0.010428, x mean: 0.002868
2026-07-14 15:37:13,236 - training - INFO - train x_hat mean: 0.007480, x mean: -0.015639
2026-07-14 15:37:13,246 - training - INFO - train x_hat mean: 0.011597, x mean: 0.018520
2026-07-14 15:37:13,256 - training - INFO - train x_hat mean: 0.010062, x mean: -0.022884
2026-07-14 15:37:13,265 - training - INFO - train x_hat mean: 0.010622, x mean: 0.008826
2026-07-14 15:37:13,275 - training - INFO - train x_hat mean: 0.010511, x mean: -0.002840
2026-07-14 15:37:13,284 - training - INFO - train x_hat mean: 0.008296, x mean: -0.019971
2026-07-14 15:37:13,294 - training - INFO - train x_hat mean: 0.011029, x mean: 0.012154
2026-07-14 15:37:13,303 - training - INFO - train x_hat mean: 0.011725, x mean: 0.004858
2026-07-14 15:37:13,313 - training - INFO - train x_hat mean: 0.011776, x mean: 0.029842
2026-07-14 15:37:13,322 - training - INFO - train x_hat mean: 0.012400, x mean: 0.029632
2026-07-14 15:37:13,332 - training - INFO - train x_hat mean: 0.008543, x mean: -0.052509
2026-07-14 15:37:13,341 - training - INFO - train x_hat mean: 0.007996, x mean: -0.037388
2026-07-14 15:37:13,351 - training - INFO - train x_hat mean: 0.009225, x mean: -0.019620
2026-07-14 15:37:13,361 - training - INFO - train x_hat mean: 0.010432, x mean: -0.001889
2026-07-14 15:37:13,370 - training - INFO - train x_hat mean: 0.010664, x mean: -0.011226
2026-07-14 15:37:13,380 - training - INFO - train x_hat mean: 0.013076, x mean: 0.022858
2026-07-14 15:37:13,389 - training - INFO - train x_hat mean: 0.009573, x mean: -0.002658
2026-07-14 15:37:13,398 - training - INFO - train x_hat mean: 0.008651, x mean: -0.037456
2026-07-14 15:37:13,408 - training - INFO - train x_hat mean: 0.010417, x mean: -0.019128
2026-07-14 15:37:13,418 - training - INFO - train x_hat mean: 0.009622, x mean: -0.045353
2026-07-14 15:37:13,427 - training - INFO - train x_hat mean: 0.010221, x mean: 0.003427
2026-07-14 15:37:13,437 - training - INFO - train x_hat mean: 0.009544, x mean: -0.009173
2026-07-14 15:37:13,446 - training - INFO - train x_hat mean: 0.009641, x mean: -0.009848
2026-07-14 15:37:13,455 - training - INFO - train x_hat mean: 0.011523, x mean: 0.019473
2026-07-14 15:37:13,465 - training - INFO - train x_hat mean: 0.014457, x mean: 0.028159
2026-07-14 15:37:13,474 - training - INFO - train x_hat mean: 0.012138, x mean: 0.000763
2026-07-14 15:37:13,484 - training - INFO - train x_hat mean: 0.011389, x mean: 0.000842
2026-07-14 15:37:13,494 - training - INFO - train x_hat mean: 0.013663, x mean: 0.021173
2026-07-14 15:37:13,503 - training - INFO - train x_hat mean: 0.011249, x mean: -0.021152
2026-07-14 15:37:13,513 - training - INFO - train x_hat mean: 0.012448, x mean: -0.009314
2026-07-14 15:37:13,522 - training - INFO - train x_hat mean: 0.010831, x mean: -0.027949
2026-07-14 15:37:13,532 - training - INFO - train x_hat mean: 0.009137, x mean: -0.035777
2026-07-14 15:37:13,542 - training - INFO - train x_hat mean: 0.011560, x mean: -0.018264
2026-07-14 15:37:13,551 - training - INFO - train x_hat mean: 0.011706, x mean: -0.002724
2026-07-14 15:37:13,561 - training - INFO - train x_hat mean: 0.010561, x mean: -0.000646
2026-07-14 15:37:13,570 - training - INFO - train x_hat mean: 0.010290, x mean: -0.008318
2026-07-14 15:37:13,580 - training - INFO - train x_hat mean: 0.013521, x mean: 0.015358
2026-07-14 15:37:13,589 - training - INFO - train x_hat mean: 0.011788, x mean: 0.008858
2026-07-14 15:37:13,599 - training - INFO - train x_hat mean: 0.011733, x mean: -0.002591
2026-07-14 15:37:13,608 - training - INFO - train x_hat mean: 0.010118, x mean: -0.020987
2026-07-14 15:37:13,618 - training - INFO - train x_hat mean: 0.011063, x mean: -0.008843
2026-07-14 15:37:13,629 - training - INFO - train x_hat mean: 0.012110, x mean: 0.009042
2026-07-14 15:37:13,639 - training - INFO - train x_hat mean: 0.010834, x mean: -0.001249
2026-07-14 15:37:13,648 - training - INFO - train x_hat mean: 0.012732, x mean: 0.004152
2026-07-14 15:37:13,658 - training - INFO - train x_hat mean: 0.011484, x mean: -0.017119
2026-07-14 15:37:13,667 - training - INFO - train x_hat mean: 0.012053, x mean: -0.002217
2026-07-14 15:37:13,677 - training - INFO - train x_hat mean: 0.010943, x mean: -0.005992
2026-07-14 15:37:13,688 - training - INFO - train x_hat mean: 0.011554, x mean: -0.013700
2026-07-14 15:37:13,698 - training - INFO - train x_hat mean: 0.012020, x mean: -0.010714
2026-07-14 15:37:13,708 - training - INFO - train x_hat mean: 0.012841, x mean: 0.005399
2026-07-14 15:37:13,718 - training - INFO - train x_hat mean: 0.014149, x mean: 0.021400
2026-07-14 15:37:13,728 - training - INFO - train x_hat mean: 0.009106, x mean: -0.030916
2026-07-14 15:37:13,737 - training - INFO - train x_hat mean: 0.011047, x mean: 0.003724
2026-07-14 15:37:13,747 - training - INFO - train x_hat mean: 0.015815, x mean: 0.026591
2026-07-14 15:37:13,757 - training - INFO - train x_hat mean: 0.010177, x mean: -0.028189
2026-07-14 15:37:13,766 - training - INFO - train x_hat mean: 0.011069, x mean: -0.004248
2026-07-14 15:37:13,776 - training - INFO - train x_hat mean: 0.013533, x mean: -0.014304
2026-07-14 15:37:13,785 - training - INFO - train x_hat mean: 0.012268, x mean: 0.017738
2026-07-14 15:37:13,795 - training - INFO - train x_hat mean: 0.013165, x mean: 0.006829
2026-07-14 15:37:13,805 - training - INFO - train x_hat mean: 0.012038, x mean: -0.022768
2026-07-14 15:37:13,815 - training - INFO - train x_hat mean: 0.012157, x mean: -0.006540
2026-07-14 15:37:13,825 - training - INFO - train x_hat mean: 0.012942, x mean: -0.002666
2026-07-14 15:37:13,835 - training - INFO - train x_hat mean: 0.013683, x mean: 0.015026
2026-07-14 15:37:13,844 - training - INFO - train x_hat mean: 0.012265, x mean: -0.016940
2026-07-14 15:37:13,854 - training - INFO - train x_hat mean: 0.012833, x mean: -0.003245
2026-07-14 15:37:13,863 - training - INFO - train x_hat mean: 0.012591, x mean: -0.003656
2026-07-14 15:37:13,873 - training - INFO - train x_hat mean: 0.012937, x mean: 0.011274
2026-07-14 15:37:13,883 - training - INFO - train x_hat mean: 0.012594, x mean: 0.010038
2026-07-14 15:37:13,892 - training - INFO - train x_hat mean: 0.011686, x mean: -0.027603
2026-07-14 15:37:13,902 - training - INFO - train x_hat mean: 0.010060, x mean: -0.002207
2026-07-14 15:37:13,912 - training - INFO - train x_hat mean: 0.013588, x mean: -0.002766
2026-07-14 15:37:13,921 - training - INFO - train x_hat mean: 0.013876, x mean: 0.009680
2026-07-14 15:37:13,932 - training - INFO - train x_hat mean: 0.014144, x mean: 0.020428
2026-07-14 15:37:13,942 - training - INFO - train x_hat mean: 0.013599, x mean: 0.008800
2026-07-14 15:37:13,953 - training - INFO - train x_hat mean: 0.013892, x mean: 0.019150
2026-07-14 15:37:13,963 - training - INFO - train x_hat mean: 0.015566, x mean: 0.027537
2026-07-14 15:37:13,973 - training - INFO - train x_hat mean: 0.013982, x mean: 0.006583
2026-07-14 15:37:13,982 - training - INFO - train x_hat mean: 0.014834, x mean: -0.010990
2026-07-14 15:37:13,992 - training - INFO - train x_hat mean: 0.011731, x mean: 0.009755
2026-07-14 15:37:14,001 - training - INFO - train x_hat mean: 0.011773, x mean: 0.010607
2026-07-14 15:37:14,013 - training - INFO - train x_hat mean: 0.011922, x mean: -0.020921
2026-07-14 15:37:14,023 - training - INFO - train x_hat mean: 0.012360, x mean: -0.008826
2026-07-14 15:37:14,033 - training - INFO - train x_hat mean: 0.011361, x mean: -0.018727
2026-07-14 15:37:14,042 - training - INFO - train x_hat mean: 0.013928, x mean: 0.013043
2026-07-14 15:37:14,052 - training - INFO - train x_hat mean: 0.014495, x mean: 0.000161
2026-07-14 15:37:14,063 - training - INFO - train x_hat mean: 0.008516, x mean: -0.029689
2026-07-14 15:37:14,072 - training - INFO - train x_hat mean: 0.011275, x mean: -0.002325
2026-07-14 15:37:14,082 - training - INFO - train x_hat mean: 0.010849, x mean: -0.056514
2026-07-14 15:37:14,092 - training - INFO - train x_hat mean: 0.012132, x mean: 0.016399
2026-07-14 15:37:14,102 - training - INFO - train x_hat mean: 0.010870, x mean: -0.014973
2026-07-14 15:37:14,111 - training - INFO - train x_hat mean: 0.010146, x mean: -0.012121
2026-07-14 15:37:14,121 - training - INFO - train x_hat mean: 0.010210, x mean: -0.002183
2026-07-14 15:37:14,132 - training - INFO - train x_hat mean: 0.012839, x mean: 0.001397
2026-07-14 15:37:14,143 - training - INFO - train x_hat mean: 0.009216, x mean: -0.042404
2026-07-14 15:37:14,152 - training - INFO - train x_hat mean: 0.009931, x mean: -0.023740
2026-07-14 15:37:14,163 - training - INFO - train x_hat mean: 0.011688, x mean: 0.005753
2026-07-14 15:37:14,172 - training - INFO - train x_hat mean: 0.011851, x mean: 0.024219
2026-07-14 15:37:14,183 - training - INFO - train x_hat mean: 0.013343, x mean: 0.015860
2026-07-14 15:37:14,193 - training - INFO - train x_hat mean: 0.011733, x mean: 0.020822
2026-07-14 15:37:14,203 - training - INFO - train x_hat mean: 0.008962, x mean: 0.000998
2026-07-14 15:37:14,214 - training - INFO - train x_hat mean: 0.013131, x mean: 0.017346
2026-07-14 15:37:14,224 - training - INFO - train x_hat mean: 0.015014, x mean: 0.026702
2026-07-14 15:37:14,234 - training - INFO - train x_hat mean: 0.011381, x mean: 0.001617
2026-07-14 15:37:14,244 - training - INFO - train x_hat mean: 0.010109, x mean: 0.006106
2026-07-14 15:37:14,254 - training - INFO - train x_hat mean: 0.010911, x mean: -0.011267
2026-07-14 15:37:14,265 - training - INFO - train x_hat mean: 0.011267, x mean: -0.005747
2026-07-14 15:37:14,275 - training - INFO - train x_hat mean: 0.011504, x mean: 0.016755
2026-07-14 15:37:14,285 - training - INFO - train x_hat mean: 0.009004, x mean: -0.011865
2026-07-14 15:37:14,295 - training - INFO - train x_hat mean: 0.011841, x mean: 0.003349
2026-07-14 15:37:14,305 - training - INFO - train x_hat mean: 0.012274, x mean: 0.006064
2026-07-14 15:37:14,315 - training - INFO - train x_hat mean: 0.009151, x mean: -0.040895
2026-07-14 15:37:14,325 - training - INFO - train x_hat mean: 0.013211, x mean: 0.005629
2026-07-14 15:37:14,335 - training - INFO - train x_hat mean: 0.010936, x mean: -0.008098
2026-07-14 15:37:14,345 - training - INFO - train x_hat mean: 0.009139, x mean: -0.030189
2026-07-14 15:37:14,355 - training - INFO - train x_hat mean: 0.013580, x mean: 0.012986
2026-07-14 15:37:14,365 - training - INFO - train x_hat mean: 0.011362, x mean: -0.003835
2026-07-14 15:37:14,375 - training - INFO - train x_hat mean: 0.013107, x mean: 0.012860
2026-07-14 15:37:14,385 - training - INFO - train x_hat mean: 0.012956, x mean: 0.025125
2026-07-14 15:37:14,395 - training - INFO - train x_hat mean: 0.010453, x mean: -0.001951
2026-07-14 15:37:14,405 - training - INFO - train x_hat mean: 0.008639, x mean: -0.013341
2026-07-14 15:37:14,415 - training - INFO - train x_hat mean: 0.012366, x mean: 0.019925
2026-07-14 15:37:14,425 - training - INFO - train x_hat mean: 0.011145, x mean: 0.002499
2026-07-14 15:37:14,435 - training - INFO - train x_hat mean: 0.011586, x mean: 0.007297
2026-07-14 15:37:14,444 - training - INFO - train x_hat mean: 0.009788, x mean: -0.011161
2026-07-14 15:37:14,454 - training - INFO - train x_hat mean: 0.009147, x mean: -0.038267
2026-07-14 15:37:14,465 - training - INFO - train x_hat mean: 0.008945, x mean: -0.013447
2026-07-14 15:37:14,474 - training - INFO - train x_hat mean: 0.011425, x mean: 0.003062
2026-07-14 15:37:14,484 - training - INFO - train x_hat mean: 0.014669, x mean: 0.011697
2026-07-14 15:37:14,494 - training - INFO - train x_hat mean: 0.012280, x mean: 0.008388
2026-07-14 15:37:14,504 - training - INFO - train x_hat mean: 0.011228, x mean: -0.017805
2026-07-14 15:37:14,514 - training - INFO - train x_hat mean: 0.012253, x mean: 0.001782
2026-07-14 15:37:14,524 - training - INFO - train x_hat mean: 0.017002, x mean: 0.033936
2026-07-14 15:37:14,534 - training - INFO - train x_hat mean: 0.011661, x mean: -0.008391
2026-07-14 15:37:14,544 - training - INFO - train x_hat mean: 0.013154, x mean: -0.004336
2026-07-14 15:37:14,554 - training - INFO - train x_hat mean: 0.013551, x mean: 0.010469
2026-07-14 15:37:14,564 - training - INFO - train x_hat mean: 0.011084, x mean: -0.006744
2026-07-14 15:37:14,574 - training - INFO - train x_hat mean: 0.014643, x mean: 0.014715
2026-07-14 15:37:14,584 - training - INFO - train x_hat mean: 0.011077, x mean: -0.030314
2026-07-14 15:37:14,594 - training - INFO - train x_hat mean: 0.013718, x mean: 0.013358
2026-07-14 15:37:14,604 - training - INFO - train x_hat mean: 0.012008, x mean: -0.022667
2026-07-14 15:37:14,615 - training - INFO - train x_hat mean: 0.012298, x mean: -0.012270
2026-07-14 15:37:14,624 - training - INFO - train x_hat mean: 0.016072, x mean: 0.031157
2026-07-14 15:37:14,635 - training - INFO - train x_hat mean: 0.012814, x mean: 0.007774
2026-07-14 15:37:14,645 - training - INFO - train x_hat mean: 0.014356, x mean: 0.016664
2026-07-14 15:37:14,654 - training - INFO - train x_hat mean: 0.012838, x mean: -0.013697
2026-07-14 15:37:14,664 - training - INFO - train x_hat mean: 0.010933, x mean: -0.003737
2026-07-14 15:37:14,673 - training - INFO - train x_hat mean: 0.010697, x mean: -0.008192
2026-07-14 15:37:14,684 - training - INFO - train x_hat mean: 0.010111, x mean: -0.032320
2026-07-14 15:37:14,694 - training - INFO - train x_hat mean: 0.011895, x mean: -0.027067
2026-07-14 15:37:14,703 - training - INFO - train x_hat mean: 0.013127, x mean: -0.003785
2026-07-14 15:37:14,713 - training - INFO - train x_hat mean: 0.013913, x mean: 0.006604
2026-07-14 15:37:14,723 - training - INFO - train x_hat mean: 0.012647, x mean: 0.007211
2026-07-14 15:37:14,733 - training - INFO - train x_hat mean: 0.014323, x mean: 0.016732
2026-07-14 15:37:14,743 - training - INFO - train x_hat mean: 0.013618, x mean: -0.005268
2026-07-14 15:37:14,753 - training - INFO - train x_hat mean: 0.014351, x mean: 0.009245
2026-07-14 15:37:14,763 - training - INFO - train x_hat mean: 0.011193, x mean: -0.017294
2026-07-14 15:37:14,773 - training - INFO - train x_hat mean: 0.014927, x mean: 0.010757
2026-07-14 15:37:14,783 - training - INFO - train x_hat mean: 0.018269, x mean: 0.024466
2026-07-14 15:37:14,793 - training - INFO - train x_hat mean: 0.013207, x mean: 0.001701
2026-07-14 15:37:14,802 - training - INFO - train x_hat mean: 0.011568, x mean: 0.001960
2026-07-14 15:37:14,812 - training - INFO - train x_hat mean: 0.013606, x mean: 0.003846
2026-07-14 15:37:14,821 - training - INFO - train x_hat mean: 0.014221, x mean: 0.012499
2026-07-14 15:37:14,830 - training - INFO - train x_hat mean: 0.013108, x mean: 0.012613
2026-07-14 15:37:14,839 - training - INFO - train x_hat mean: 0.012050, x mean: 0.008976
2026-07-14 15:37:14,849 - training - INFO - train x_hat mean: 0.014402, x mean: 0.006836
2026-07-14 15:37:14,858 - training - INFO - train x_hat mean: 0.019847, x mean: 0.044393
2026-07-14 15:37:14,867 - training - INFO - train x_hat mean: 0.016066, x mean: 0.010128
2026-07-14 15:37:14,876 - training - INFO - train x_hat mean: 0.015285, x mean: 0.020190
2026-07-14 15:37:14,885 - training - INFO - train x_hat mean: 0.016476, x mean: 0.018822
2026-07-14 15:37:14,895 - training - INFO - train x_hat mean: 0.015067, x mean: 0.008263
2026-07-14 15:37:14,904 - training - INFO - train x_hat mean: 0.009420, x mean: -0.041749
2026-07-14 15:37:14,914 - training - INFO - train x_hat mean: 0.014257, x mean: -0.005918
2026-07-14 15:37:14,924 - training - INFO - train x_hat mean: 0.015140, x mean: 0.000198
2026-07-14 15:37:14,935 - training - INFO - train x_hat mean: 0.016737, x mean: 0.017952
2026-07-14 15:37:14,945 - training - INFO - train x_hat mean: 0.017039, x mean: 0.015776
2026-07-14 15:37:14,955 - training - INFO - train x_hat mean: 0.015656, x mean: 0.006376
2026-07-14 15:37:14,965 - training - INFO - train x_hat mean: 0.017733, x mean: 0.004086
2026-07-14 15:37:14,975 - training - INFO - train x_hat mean: 0.017376, x mean: 0.017083
2026-07-14 15:37:14,985 - training - INFO - train x_hat mean: 0.014602, x mean: -0.008800
2026-07-14 15:37:14,995 - training - INFO - train x_hat mean: 0.017590, x mean: 0.003472
2026-07-14 15:37:15,004 - training - INFO - train x_hat mean: 0.012483, x mean: -0.022924
2026-07-14 15:37:15,014 - training - INFO - train x_hat mean: 0.015998, x mean: 0.006187
2026-07-14 15:37:15,025 - training - INFO - train x_hat mean: 0.017482, x mean: 0.010372
2026-07-14 15:37:15,035 - training - INFO - train x_hat mean: 0.013343, x mean: -0.028324
2026-07-14 15:37:15,045 - training - INFO - train x_hat mean: 0.014375, x mean: -0.005381
2026-07-14 15:37:15,055 - training - INFO - train x_hat mean: 0.014719, x mean: -0.000085
2026-07-14 15:37:15,066 - training - INFO - train x_hat mean: 0.014923, x mean: 0.003050
2026-07-14 15:37:15,075 - training - INFO - train x_hat mean: 0.014840, x mean: 0.001295
2026-07-14 15:37:15,085 - training - INFO - train x_hat mean: 0.018330, x mean: 0.026626
2026-07-14 15:37:15,095 - training - INFO - train x_hat mean: 0.013705, x mean: -0.023617
2026-07-14 15:37:15,104 - training - INFO - train x_hat mean: 0.015262, x mean: -0.006701
2026-07-14 15:37:15,114 - training - INFO - train x_hat mean: 0.016129, x mean: 0.009888
2026-07-14 15:37:15,124 - training - INFO - train x_hat mean: 0.015714, x mean: -0.003871
2026-07-14 15:37:15,134 - training - INFO - train x_hat mean: 0.015823, x mean: -0.005338
2026-07-14 15:37:15,144 - training - INFO - train x_hat mean: 0.017976, x mean: 0.014713
2026-07-14 15:37:15,155 - training - INFO - train x_hat mean: 0.014562, x mean: -0.020286
2026-07-14 15:37:15,165 - training - INFO - train x_hat mean: 0.016783, x mean: 0.002010
2026-07-14 15:37:15,174 - training - INFO - train x_hat mean: 0.010852, x mean: -0.009045
2026-07-14 15:37:15,184 - training - INFO - train x_hat mean: 0.014794, x mean: 0.002179
2026-07-14 15:37:15,194 - training - INFO - train x_hat mean: 0.016698, x mean: 0.013681
2026-07-14 15:37:15,203 - training - INFO - train x_hat mean: 0.014110, x mean: -0.001488
2026-07-14 15:37:15,213 - training - INFO - train x_hat mean: 0.014389, x mean: 0.000116
2026-07-14 15:37:15,222 - training - INFO - train x_hat mean: 0.013819, x mean: 0.005470
2026-07-14 15:37:15,232 - training - INFO - train x_hat mean: 0.010778, x mean: -0.025097
2026-07-14 15:37:15,241 - training - INFO - train x_hat mean: 0.016999, x mean: 0.009552
2026-07-14 15:37:15,251 - training - INFO - train x_hat mean: 0.014543, x mean: 0.007744
2026-07-14 15:37:15,260 - training - INFO - train x_hat mean: 0.015792, x mean: 0.011110
2026-07-14 15:37:15,270 - training - INFO - train x_hat mean: 0.013188, x mean: -0.006338
2026-07-14 15:37:15,280 - training - INFO - train x_hat mean: 0.017714, x mean: 0.008841
2026-07-14 15:37:15,290 - training - INFO - train x_hat mean: 0.014891, x mean: 0.013603
2026-07-14 15:37:15,301 - training - INFO - train x_hat mean: 0.012711, x mean: -0.011957
2026-07-14 15:37:15,310 - training - INFO - train x_hat mean: 0.013891, x mean: -0.001537
2026-07-14 15:37:15,320 - training - INFO - train x_hat mean: 0.013462, x mean: 0.010127
2026-07-14 15:37:15,330 - training - INFO - train x_hat mean: 0.014608, x mean: 0.013353
2026-07-14 15:37:15,339 - training - INFO - train x_hat mean: 0.011253, x mean: -0.005607
2026-07-14 15:37:15,349 - training - INFO - train x_hat mean: 0.015549, x mean: -0.007004
2026-07-14 15:37:15,359 - training - INFO - train x_hat mean: 0.013927, x mean: 0.015505
2026-07-14 15:37:15,368 - training - INFO - train x_hat mean: 0.014467, x mean: 0.001018
2026-07-14 15:37:15,378 - training - INFO - train x_hat mean: 0.017543, x mean: 0.002693
2026-07-14 15:37:15,387 - training - INFO - train x_hat mean: 0.013550, x mean: 0.005947
2026-07-14 15:37:15,397 - training - INFO - train x_hat mean: 0.012936, x mean: -0.005255
2026-07-14 15:37:15,406 - training - INFO - train x_hat mean: 0.011111, x mean: -0.026493
2026-07-14 15:37:15,416 - training - INFO - train x_hat mean: 0.013857, x mean: 0.006452
2026-07-14 15:37:15,425 - training - INFO - train x_hat mean: 0.015706, x mean: 0.004394
2026-07-14 15:37:15,435 - training - INFO - train x_hat mean: 0.013841, x mean: 0.006561
2026-07-14 15:37:15,445 - training - INFO - train x_hat mean: 0.016062, x mean: 0.011347
2026-07-14 15:37:15,455 - training - INFO - train x_hat mean: 0.011628, x mean: -0.013152
2026-07-14 15:37:15,465 - training - INFO - train x_hat mean: 0.013045, x mean: -0.004684
2026-07-14 15:37:15,474 - training - INFO - train x_hat mean: 0.012082, x mean: -0.024182
2026-07-14 15:37:15,484 - training - INFO - train x_hat mean: 0.010926, x mean: -0.018294
2026-07-14 15:37:15,493 - training - INFO - train x_hat mean: 0.014893, x mean: 0.003264
2026-07-14 15:37:15,502 - training - INFO - train x_hat mean: 0.014094, x mean: 0.007502
2026-07-14 15:37:15,511 - training - INFO - train x_hat mean: 0.012852, x mean: 0.006234
2026-07-14 15:37:15,521 - training - INFO - train x_hat mean: 0.013281, x mean: -0.001982
2026-07-14 15:37:15,531 - training - INFO - train x_hat mean: 0.011080, x mean: -0.003908
2026-07-14 15:37:15,541 - training - INFO - train x_hat mean: 0.016737, x mean: 0.021171
2026-07-14 15:37:15,551 - training - INFO - train x_hat mean: 0.014982, x mean: 0.000216
2026-07-14 15:37:15,561 - training - INFO - train x_hat mean: 0.012035, x mean: -0.001383
2026-07-14 15:37:15,570 - training - INFO - train x_hat mean: 0.018124, x mean: 0.031131
2026-07-14 15:37:15,579 - training - INFO - train x_hat mean: 0.014984, x mean: 0.008695
2026-07-14 15:37:15,589 - training - INFO - train x_hat mean: 0.010753, x mean: -0.015567
2026-07-14 15:37:15,598 - training - INFO - train x_hat mean: 0.017696, x mean: 0.013360
2026-07-14 15:37:15,608 - training - INFO - train x_hat mean: 0.013725, x mean: 0.002967
2026-07-14 15:37:15,618 - training - INFO - train x_hat mean: 0.014300, x mean: 0.010683
2026-07-14 15:37:15,627 - training - INFO - train x_hat mean: 0.011637, x mean: -0.016523
2026-07-14 15:37:15,637 - training - INFO - train x_hat mean: 0.012517, x mean: -0.019156
2026-07-14 15:37:15,646 - training - INFO - train x_hat mean: 0.009918, x mean: -0.011031
2026-07-14 15:37:15,655 - training - INFO - train x_hat mean: 0.009381, x mean: -0.021894
2026-07-14 15:37:15,665 - training - INFO - train x_hat mean: 0.011299, x mean: -0.014443
2026-07-14 15:37:15,674 - training - INFO - train x_hat mean: 0.014897, x mean: -0.010463
2026-07-14 15:37:15,684 - training - INFO - train x_hat mean: 0.011717, x mean: -0.020511
2026-07-14 15:37:15,694 - training - INFO - train x_hat mean: 0.012838, x mean: -0.017453
2026-07-14 15:37:15,704 - training - INFO - train x_hat mean: 0.016085, x mean: 0.016380
2026-07-14 15:37:15,713 - training - INFO - train x_hat mean: 0.011837, x mean: 0.007761
2026-07-14 15:37:15,723 - training - INFO - train x_hat mean: 0.010726, x mean: -0.000231
2026-07-14 15:37:15,732 - training - INFO - train x_hat mean: 0.017393, x mean: 0.022345
2026-07-14 15:37:15,742 - training - INFO - train x_hat mean: 0.009883, x mean: -0.016359
2026-07-14 15:37:15,751 - training - INFO - train x_hat mean: 0.011113, x mean: 0.000364
2026-07-14 15:37:15,761 - training - INFO - train x_hat mean: 0.008483, x mean: -0.036452
2026-07-14 15:37:15,771 - training - INFO - train x_hat mean: 0.008405, x mean: -0.029172
2026-07-14 15:37:15,781 - training - INFO - train x_hat mean: 0.008630, x mean: -0.019636
2026-07-14 15:37:15,790 - training - INFO - train x_hat mean: 0.014095, x mean: 0.016042
2026-07-14 15:37:15,800 - training - INFO - train x_hat mean: 0.009211, x mean: -0.006779
2026-07-14 15:37:15,809 - training - INFO - train x_hat mean: 0.008428, x mean: -0.023614
2026-07-14 15:37:15,819 - training - INFO - train x_hat mean: 0.014847, x mean: 0.015257
2026-07-14 15:37:15,829 - training - INFO - train x_hat mean: 0.011555, x mean: 0.003236
2026-07-14 15:37:15,838 - training - INFO - train x_hat mean: 0.008207, x mean: -0.019571
2026-07-14 15:37:15,848 - training - INFO - train x_hat mean: 0.009564, x mean: 0.005661
2026-07-14 15:37:15,857 - training - INFO - train x_hat mean: 0.007219, x mean: -0.009553
2026-07-14 15:37:15,867 - training - INFO - train x_hat mean: 0.009333, x mean: 0.003137
2026-07-14 15:37:15,876 - training - INFO - train x_hat mean: 0.013930, x mean: 0.010892
2026-07-14 15:37:15,886 - training - INFO - train x_hat mean: 0.013803, x mean: 0.016065
2026-07-14 15:37:15,895 - training - INFO - train x_hat mean: 0.009458, x mean: 0.007660
2026-07-14 15:37:15,904 - training - INFO - train x_hat mean: 0.010762, x mean: 0.002833
2026-07-14 15:37:15,913 - training - INFO - train x_hat mean: 0.012807, x mean: 0.022315
2026-07-14 15:37:15,923 - training - INFO - train x_hat mean: 0.008368, x mean: -0.005322
2026-07-14 15:37:15,932 - training - INFO - train x_hat mean: 0.008848, x mean: -0.003140
2026-07-14 15:37:15,943 - training - INFO - train x_hat mean: 0.006719, x mean: -0.028730
2026-07-14 15:37:15,953 - training - INFO - train x_hat mean: 0.012193, x mean: 0.002280
2026-07-14 15:37:15,962 - training - INFO - train x_hat mean: 0.006762, x mean: -0.014108
2026-07-14 15:37:15,972 - training - INFO - train x_hat mean: 0.008123, x mean: -0.014082
2026-07-14 15:37:15,981 - training - INFO - train x_hat mean: 0.013973, x mean: -0.005660
2026-07-14 15:37:15,991 - training - INFO - train x_hat mean: 0.015131, x mean: 0.016743
2026-07-14 15:37:16,001 - training - INFO - train x_hat mean: 0.008113, x mean: -0.008683
2026-07-14 15:37:16,012 - training - INFO - train x_hat mean: 0.013984, x mean: 0.023571
2026-07-14 15:37:16,022 - training - INFO - train x_hat mean: 0.017688, x mean: 0.019945
2026-07-14 15:37:16,032 - training - INFO - train x_hat mean: 0.011977, x mean: -0.001740
2026-07-14 15:37:16,042 - training - INFO - train x_hat mean: 0.003838, x mean: -0.034451
2026-07-14 15:37:16,051 - training - INFO - train x_hat mean: 0.012595, x mean: 0.013491
2026-07-14 15:37:16,061 - training - INFO - train x_hat mean: 0.011136, x mean: 0.007259
2026-07-14 15:37:16,070 - training - INFO - train x_hat mean: 0.008595, x mean: -0.031165
2026-07-14 15:37:16,080 - training - INFO - train x_hat mean: 0.010719, x mean: -0.001466
2026-07-14 15:37:16,089 - training - INFO - train x_hat mean: 0.010589, x mean: -0.024625
2026-07-14 15:37:16,099 - training - INFO - train x_hat mean: 0.012632, x mean: 0.017479
2026-07-14 15:37:16,108 - training - INFO - train x_hat mean: 0.008662, x mean: 0.002283
2026-07-14 15:37:16,118 - training - INFO - train x_hat mean: 0.014215, x mean: 0.013380
2026-07-14 15:37:16,127 - training - INFO - train x_hat mean: 0.011242, x mean: -0.001929
2026-07-14 15:37:16,137 - training - INFO - train x_hat mean: 0.013750, x mean: 0.008018
2026-07-14 15:37:16,148 - training - INFO - train x_hat mean: 0.006406, x mean: -0.026271
2026-07-14 15:37:16,157 - training - INFO - train x_hat mean: 0.012032, x mean: 0.004145
2026-07-14 15:37:16,167 - training - INFO - train x_hat mean: 0.009949, x mean: -0.003425
2026-07-14 15:37:16,177 - training - INFO - train x_hat mean: 0.006306, x mean: -0.017402
2026-07-14 15:37:16,186 - training - INFO - train x_hat mean: 0.010714, x mean: -0.007362
2026-07-14 15:37:16,196 - training - INFO - train x_hat mean: 0.007947, x mean: -0.008642
2026-07-14 15:37:16,205 - training - INFO - train x_hat mean: 0.018689, x mean: 0.025464
2026-07-14 15:37:16,217 - training - INFO - train x_hat mean: 0.006749, x mean: -0.007928
2026-07-14 15:37:16,228 - training - INFO - train x_hat mean: 0.009228, x mean: -0.002235
2026-07-14 15:37:16,240 - training - INFO - train x_hat mean: 0.008777, x mean: -0.016208
2026-07-14 15:37:16,253 - training - INFO - train x_hat mean: 0.010573, x mean: 0.003339
2026-07-14 15:37:16,267 - training - INFO - train x_hat mean: 0.010460, x mean: -0.009055
2026-07-14 15:37:16,279 - training - INFO - train x_hat mean: 0.002218, x mean: -0.029445
2026-07-14 15:37:16,289 - training - INFO - train x_hat mean: 0.012013, x mean: 0.003644
2026-07-14 15:37:16,300 - training - INFO - train x_hat mean: 0.014972, x mean: 0.026403
2026-07-14 15:37:16,310 - training - INFO - train x_hat mean: 0.013467, x mean: 0.004962
2026-07-14 15:37:16,321 - training - INFO - train x_hat mean: 0.013331, x mean: 0.014257
2026-07-14 15:37:16,334 - training - INFO - train x_hat mean: 0.013350, x mean: 0.014066
2026-07-14 15:37:16,347 - training - INFO - train x_hat mean: 0.014131, x mean: 0.020720
2026-07-14 15:37:16,360 - training - INFO - train x_hat mean: 0.005218, x mean: -0.018832
2026-07-14 15:37:16,372 - training - INFO - train x_hat mean: 0.011868, x mean: 0.004390
2026-07-14 15:37:16,384 - training - INFO - train x_hat mean: 0.011820, x mean: 0.010181
2026-07-14 15:37:16,397 - training - INFO - train x_hat mean: 0.007226, x mean: -0.017524
2026-07-14 15:37:16,409 - training - INFO - train x_hat mean: 0.016122, x mean: 0.015964
2026-07-14 15:37:16,419 - training - INFO - train x_hat mean: 0.018979, x mean: 0.039483
2026-07-14 15:37:16,429 - training - INFO - train x_hat mean: 0.011826, x mean: -0.013843
2026-07-14 15:37:16,439 - training - INFO - train x_hat mean: 0.008805, x mean: -0.021266
2026-07-14 15:37:16,449 - training - INFO - train x_hat mean: 0.013077, x mean: 0.007851
2026-07-14 15:37:16,459 - training - INFO - train x_hat mean: 0.015978, x mean: 0.012735
2026-07-14 15:37:16,468 - training - INFO - train x_hat mean: 0.017642, x mean: 0.014127
2026-07-14 15:37:16,478 - training - INFO - train x_hat mean: 0.013992, x mean: 0.005877
2026-07-14 15:37:16,488 - training - INFO - train x_hat mean: 0.020254, x mean: 0.028710
2026-07-14 15:37:16,498 - training - INFO - train x_hat mean: 0.012298, x mean: -0.002670
2026-07-14 15:37:16,508 - training - INFO - train x_hat mean: 0.000865, x mean: -0.043471
2026-07-14 15:37:16,518 - training - INFO - train x_hat mean: 0.012910, x mean: 0.010009
2026-07-14 15:37:16,528 - training - INFO - train x_hat mean: 0.005577, x mean: -0.028298
2026-07-14 15:37:16,537 - training - INFO - train x_hat mean: 0.009245, x mean: -0.010357
2026-07-14 15:37:16,547 - training - INFO - train x_hat mean: 0.009532, x mean: -0.012546
2026-07-14 15:37:16,556 - training - INFO - train x_hat mean: 0.013135, x mean: 0.006478
2026-07-14 15:37:16,565 - training - INFO - train x_hat mean: 0.010015, x mean: -0.012535
2026-07-14 15:37:16,575 - training - INFO - train x_hat mean: 0.002711, x mean: -0.030876
2026-07-14 15:37:16,584 - training - INFO - train x_hat mean: 0.018688, x mean: 0.020569
2026-07-14 15:37:16,593 - training - INFO - train x_hat mean: 0.015526, x mean: 0.003283
2026-07-14 15:37:16,603 - training - INFO - train x_hat mean: 0.018859, x mean: 0.016685
2026-07-14 15:37:16,612 - training - INFO - train x_hat mean: 0.001244, x mean: -0.055656
2026-07-14 15:37:16,621 - training - INFO - train x_hat mean: 0.014124, x mean: 0.013434
2026-07-14 15:37:16,631 - training - INFO - train x_hat mean: 0.017197, x mean: 0.017098
2026-07-14 15:37:16,640 - training - INFO - train x_hat mean: 0.015272, x mean: 0.006795
2026-07-14 15:37:16,649 - training - INFO - train x_hat mean: 0.007143, x mean: -0.007007
2026-07-14 15:37:16,658 - training - INFO - train x_hat mean: 0.019684, x mean: 0.022766
2026-07-14 15:37:16,667 - training - INFO - train x_hat mean: 0.014971, x mean: 0.011209
2026-07-14 15:37:16,677 - training - INFO - train x_hat mean: 0.011589, x mean: 0.006880
2026-07-14 15:37:16,686 - training - INFO - train x_hat mean: 0.011407, x mean: -0.003397
2026-07-14 15:37:16,695 - training - INFO - train x_hat mean: 0.006443, x mean: -0.007521
2026-07-14 15:37:16,704 - training - INFO - train x_hat mean: 0.016339, x mean: 0.017892
2026-07-14 15:37:16,714 - training - INFO - train x_hat mean: 0.010411, x mean: 0.000236
2026-07-14 15:37:16,723 - training - INFO - train x_hat mean: 0.006961, x mean: -0.008154
2026-07-14 15:37:16,733 - training - INFO - train x_hat mean: 0.007239, x mean: -0.025635
2026-07-14 15:37:16,743 - training - INFO - train x_hat mean: 0.021724, x mean: 0.029858
2026-07-14 15:37:16,752 - training - INFO - train x_hat mean: 0.012022, x mean: 0.008017
2026-07-14 15:37:16,762 - training - INFO - train x_hat mean: 0.010690, x mean: 0.002162
2026-07-14 15:37:16,772 - training - INFO - train x_hat mean: 0.011770, x mean: 0.009105
2026-07-14 15:37:16,782 - training - INFO - train x_hat mean: 0.006355, x mean: -0.023533
2026-07-14 15:37:16,792 - training - INFO - train x_hat mean: 0.007027, x mean: -0.005170
2026-07-14 15:37:16,801 - training - INFO - train x_hat mean: 0.010806, x mean: 0.008720
2026-07-14 15:37:16,811 - training - INFO - train x_hat mean: 0.001790, x mean: -0.030004
2026-07-14 15:37:16,820 - training - INFO - train x_hat mean: 0.009787, x mean: 0.007049
2026-07-14 15:37:16,830 - training - INFO - train x_hat mean: 0.010217, x mean: 0.005716
2026-07-14 15:37:16,840 - training - INFO - train x_hat mean: 0.026216, x mean: 0.057572
2026-07-14 15:37:16,850 - training - INFO - train x_hat mean: 0.005718, x mean: -0.004335
2026-07-14 15:37:16,859 - training - INFO - train x_hat mean: 0.009426, x mean: 0.006837
2026-07-14 15:37:16,869 - training - INFO - train x_hat mean: 0.007626, x mean: 0.002786
2026-07-14 15:37:16,879 - training - INFO - train x_hat mean: -0.006493, x mean: -0.069886
2026-07-14 15:37:16,888 - training - INFO - train x_hat mean: 0.002657, x mean: -0.011160
2026-07-14 15:37:16,898 - training - INFO - train x_hat mean: 0.019985, x mean: 0.029469
2026-07-14 15:37:16,908 - training - INFO - train x_hat mean: 0.008219, x mean: -0.003039
2026-07-14 15:37:16,917 - training - INFO - train x_hat mean: 0.012329, x mean: 0.014296
2026-07-14 15:37:16,928 - training - INFO - train x_hat mean: 0.005614, x mean: -0.001458
2026-07-14 15:37:16,938 - training - INFO - train x_hat mean: 0.008524, x mean: 0.001424
2026-07-14 15:37:16,949 - training - INFO - train x_hat mean: 0.005467, x mean: -0.009432
2026-07-14 15:37:16,960 - training - INFO - train x_hat mean: 0.017445, x mean: 0.022709
2026-07-14 15:37:16,969 - training - INFO - train x_hat mean: 0.016635, x mean: 0.020467
2026-07-14 15:37:16,979 - training - INFO - train x_hat mean: 0.016401, x mean: 0.009075
2026-07-14 15:37:16,989 - training - INFO - train x_hat mean: 0.016293, x mean: 0.012650
2026-07-14 15:37:16,999 - training - INFO - train x_hat mean: 0.019305, x mean: 0.024839
2026-07-14 15:37:17,009 - training - INFO - train x_hat mean: 0.008797, x mean: 0.001199
2026-07-14 15:37:17,019 - training - INFO - train x_hat mean: 0.013219, x mean: 0.006950
2026-07-14 15:37:17,029 - training - INFO - train x_hat mean: 0.010836, x mean: 0.001326
2026-07-14 15:37:17,038 - training - INFO - train x_hat mean: 0.004736, x mean: -0.019708
2026-07-14 15:37:17,048 - training - INFO - train x_hat mean: 0.012953, x mean: 0.010793
2026-07-14 15:37:17,059 - training - INFO - train x_hat mean: 0.013934, x mean: 0.018072
2026-07-14 15:37:17,069 - training - INFO - train x_hat mean: 0.010412, x mean: -0.006426
2026-07-14 15:37:17,078 - training - INFO - train x_hat mean: 0.012898, x mean: 0.010999
2026-07-14 15:37:17,088 - training - INFO - train x_hat mean: 0.006882, x mean: -0.011761
2026-07-14 15:37:17,098 - training - INFO - train x_hat mean: 0.004674, x mean: -0.009997
2026-07-14 15:37:17,109 - training - INFO - train x_hat mean: 0.005493, x mean: -0.006780
2026-07-14 15:37:17,119 - training - INFO - train x_hat mean: 0.010424, x mean: 0.001312
2026-07-14 15:37:17,128 - training - INFO - train x_hat mean: 0.010420, x mean: 0.006651
2026-07-14 15:37:17,138 - training - INFO - train x_hat mean: 0.008880, x mean: 0.006703
2026-07-14 15:37:17,148 - training - INFO - train x_hat mean: 0.007612, x mean: 0.001976
2026-07-14 15:37:17,158 - training - INFO - train x_hat mean: 0.003846, x mean: -0.001223
2026-07-14 15:37:17,168 - training - INFO - train x_hat mean: 0.004975, x mean: -0.004657
2026-07-14 15:37:17,178 - training - INFO - train x_hat mean: 0.012910, x mean: 0.025238
2026-07-14 15:37:17,187 - training - INFO - train x_hat mean: 0.012632, x mean: 0.004422
2026-07-14 15:37:17,197 - training - INFO - train x_hat mean: -0.007688, x mean: -0.039561
2026-07-14 15:37:17,207 - training - INFO - train x_hat mean: 0.018282, x mean: 0.031475
2026-07-14 15:37:17,217 - training - INFO - train x_hat mean: 0.008656, x mean: -0.004837
2026-07-14 15:37:17,227 - training - INFO - train x_hat mean: 0.001779, x mean: -0.022069
2026-07-14 15:37:17,236 - training - INFO - train x_hat mean: 0.003646, x mean: -0.001478
2026-07-14 15:37:17,245 - training - INFO - train x_hat mean: 0.008374, x mean: 0.004689
2026-07-14 15:37:17,254 - training - INFO - train x_hat mean: 0.003935, x mean: -0.004957
2026-07-14 15:37:17,264 - training - INFO - train x_hat mean: 0.005013, x mean: 0.000083
2026-07-14 15:37:17,274 - training - INFO - train x_hat mean: -0.002871, x mean: -0.022676
2026-07-14 15:37:17,283 - training - INFO - train x_hat mean: 0.009040, x mean: 0.006781
2026-07-14 15:37:17,294 - training - INFO - train x_hat mean: -0.000147, x mean: -0.011077
2026-07-14 15:37:17,304 - training - INFO - train x_hat mean: 0.002600, x mean: -0.016887
2026-07-14 15:37:17,314 - training - INFO - train x_hat mean: 0.008289, x mean: 0.006499
2026-07-14 15:37:17,324 - training - INFO - train x_hat mean: -0.001993, x mean: -0.016859
2026-07-14 15:37:17,333 - training - INFO - train x_hat mean: 0.009985, x mean: 0.001117
2026-07-14 15:37:17,344 - training - INFO - train x_hat mean: 0.010977, x mean: 0.009026
2026-07-14 15:37:17,353 - training - INFO - train x_hat mean: 0.006010, x mean: -0.002516
2026-07-14 15:37:17,362 - training - INFO - train x_hat mean: 0.010415, x mean: 0.006631
2026-07-14 15:37:17,372 - training - INFO - train x_hat mean: -0.001270, x mean: -0.015435
2026-07-14 15:37:17,381 - training - INFO - train x_hat mean: 0.000989, x mean: -0.019191
2026-07-14 15:37:17,392 - training - INFO - train x_hat mean: 0.011366, x mean: 0.010589
2026-07-14 15:37:17,402 - training - INFO - train x_hat mean: 0.000331, x mean: -0.019317
2026-07-14 15:37:17,412 - training - INFO - train x_hat mean: 0.010271, x mean: 0.012753
2026-07-14 15:37:17,421 - training - INFO - train x_hat mean: 0.002978, x mean: -0.002418
2026-07-14 15:37:17,431 - training - INFO - train x_hat mean: 0.004306, x mean: -0.003416
2026-07-14 15:37:17,440 - training - INFO - train x_hat mean: -0.007961, x mean: -0.037002
2026-07-14 15:37:17,450 - training - INFO - train x_hat mean: -0.002519, x mean: -0.012154
2026-07-14 15:37:17,461 - training - INFO - train x_hat mean: 0.006583, x mean: -0.002644
2026-07-14 15:37:17,471 - training - INFO - train x_hat mean: 0.007403, x mean: 0.010665
2026-07-14 15:37:17,480 - training - INFO - train x_hat mean: 0.008630, x mean: 0.013896
2026-07-14 15:37:17,490 - training - INFO - train x_hat mean: 0.005740, x mean: 0.005070
2026-07-14 15:37:17,499 - training - INFO - train x_hat mean: -0.007011, x mean: -0.029088
2026-07-14 15:37:17,508 - training - INFO - train x_hat mean: -0.001178, x mean: -0.004264
2026-07-14 15:37:17,517 - training - INFO - train x_hat mean: 0.008237, x mean: 0.015876
2026-07-14 15:37:17,527 - training - INFO - train x_hat mean: 0.007164, x mean: 0.024038
2026-07-14 15:37:17,536 - training - INFO - train x_hat mean: 0.009645, x mean: 0.012643
2026-07-14 15:37:17,546 - training - INFO - train x_hat mean: 0.003191, x mean: 0.001675
2026-07-14 15:37:17,555 - training - INFO - train x_hat mean: 0.002837, x mean: 0.011880
2026-07-14 15:37:17,566 - training - INFO - train x_hat mean: 0.004482, x mean: 0.016185
2026-07-14 15:37:17,575 - training - INFO - train x_hat mean: 0.000173, x mean: -0.004616
2026-07-14 15:37:17,585 - training - INFO - train x_hat mean: -0.002048, x mean: -0.016182
2026-07-14 15:37:17,594 - training - INFO - train x_hat mean: 0.003875, x mean: 0.007821
2026-07-14 15:37:17,604 - training - INFO - train x_hat mean: -0.003407, x mean: -0.032380
2026-07-14 15:37:17,613 - training - INFO - train x_hat mean: -0.009452, x mean: -0.043688
2026-07-14 15:37:17,623 - training - INFO - train x_hat mean: -0.006761, x mean: -0.016475
2026-07-14 15:37:17,634 - training - INFO - train x_hat mean: 0.012389, x mean: 0.024533
2026-07-14 15:37:17,643 - training - INFO - train x_hat mean: 0.006163, x mean: 0.000241
2026-07-14 15:37:17,653 - training - INFO - train x_hat mean: 0.008887, x mean: 0.028713
2026-07-14 15:37:17,662 - training - INFO - train x_hat mean: 0.004367, x mean: -0.002177
2026-07-14 15:37:17,672 - training - INFO - train x_hat mean: -0.003618, x mean: -0.008200
2026-07-14 15:37:17,681 - training - INFO - train x_hat mean: -0.007983, x mean: -0.013436
2026-07-14 15:37:17,691 - training - INFO - train x_hat mean: -0.000094, x mean: -0.006101
2026-07-14 15:37:17,700 - training - INFO - train x_hat mean: 0.017763, x mean: 0.027546
2026-07-14 15:37:17,710 - training - INFO - train x_hat mean: 0.004317, x mean: -0.002796
2026-07-14 15:37:17,719 - training - INFO - train x_hat mean: 0.000913, x mean: -0.006417
2026-07-14 15:37:17,777 - training - INFO - train x_hat mean: 0.002544, x mean: -0.006640
2026-07-14 15:37:17,786 - training - INFO - train x_hat mean: 0.006323, x mean: -0.000802
2026-07-14 15:37:17,796 - training - INFO - train x_hat mean: 0.010928, x mean: 0.021993
2026-07-14 15:37:17,805 - training - INFO - train x_hat mean: -0.005595, x mean: -0.011810
2026-07-14 15:37:17,815 - training - INFO - train x_hat mean: -0.002887, x mean: -0.010464
2026-07-14 15:37:17,825 - training - INFO - train x_hat mean: 0.004160, x mean: 0.007776
2026-07-14 15:37:17,847 - training - INFO - train x_hat mean: -0.011269, x mean: -0.024223
2026-07-14 15:37:17,857 - training - INFO - train x_hat mean: -0.001610, x mean: -0.008111
2026-07-14 15:37:17,867 - training - INFO - train x_hat mean: -0.006177, x mean: -0.008509
2026-07-14 15:37:17,876 - training - INFO - train x_hat mean: 0.014673, x mean: 0.023501
2026-07-14 15:37:17,886 - training - INFO - train x_hat mean: -0.004470, x mean: -0.012095
2026-07-14 15:37:17,897 - training - INFO - train x_hat mean: 0.003627, x mean: 0.009418
2026-07-14 15:37:17,907 - training - INFO - train x_hat mean: 0.001712, x mean: 0.000596
2026-07-14 15:37:17,917 - training - INFO - train x_hat mean: -0.019249, x mean: -0.033083
2026-07-14 15:37:17,927 - training - INFO - train x_hat mean: 0.008384, x mean: 0.010723
2026-07-14 15:37:17,937 - training - INFO - train x_hat mean: -0.001951, x mean: -0.011540
2026-07-14 15:37:17,948 - training - INFO - train x_hat mean: 0.010363, x mean: 0.017372
2026-07-14 15:37:17,958 - training - INFO - train x_hat mean: 0.002199, x mean: -0.002637
2026-07-14 15:37:17,968 - training - INFO - train x_hat mean: 0.003170, x mean: 0.007323
2026-07-14 15:37:17,977 - training - INFO - train x_hat mean: 0.012547, x mean: 0.021730
2026-07-14 15:37:17,987 - training - INFO - train x_hat mean: 0.007695, x mean: 0.009699
2026-07-14 15:37:17,998 - training - INFO - train x_hat mean: -0.006906, x mean: -0.014637
2026-07-14 15:37:18,007 - training - INFO - train x_hat mean: -0.004312, x mean: -0.010436
2026-07-14 15:37:18,018 - training - INFO - train x_hat mean: 0.010246, x mean: 0.018904
2026-07-14 15:37:18,027 - training - INFO - train x_hat mean: 0.002514, x mean: -0.006275
2026-07-14 15:37:18,037 - training - INFO - train x_hat mean: 0.010475, x mean: 0.012735
2026-07-14 15:37:18,047 - training - INFO - train x_hat mean: -0.013797, x mean: -0.028802
2026-07-14 15:37:18,056 - training - INFO - train x_hat mean: -0.001688, x mean: -0.014367
2026-07-14 15:37:18,066 - training - INFO - train x_hat mean: 0.013126, x mean: 0.022767
2026-07-14 15:37:18,076 - training - INFO - train x_hat mean: 0.001432, x mean: -0.003619
2026-07-14 15:37:18,086 - training - INFO - train x_hat mean: 0.002665, x mean: 0.009641
2026-07-14 15:37:18,095 - training - INFO - train x_hat mean: 0.006726, x mean: 0.007615
2026-07-14 15:37:18,105 - training - INFO - train x_hat mean: 0.001231, x mean: 0.000944
2026-07-14 15:37:18,114 - training - INFO - train x_hat mean: 0.018007, x mean: 0.031207
2026-07-14 15:37:18,124 - training - INFO - train x_hat mean: -0.000394, x mean: 0.000146
2026-07-14 15:37:18,134 - training - INFO - train x_hat mean: 0.000126, x mean: 0.000390
2026-07-14 15:37:18,143 - training - INFO - train x_hat mean: 0.002559, x mean: 0.008089
2026-07-14 15:37:18,153 - training - INFO - train x_hat mean: -0.019329, x mean: -0.042590
2026-07-14 15:37:18,162 - training - INFO - train x_hat mean: 0.008990, x mean: 0.013235
2026-07-14 15:37:18,172 - training - INFO - train x_hat mean: 0.003736, x mean: 0.008423
2026-07-14 15:37:18,182 - training - INFO - train x_hat mean: 0.002749, x mean: 0.026103
2026-07-14 15:37:18,192 - training - INFO - train x_hat mean: 0.009201, x mean: 0.025891
2026-07-14 15:37:18,202 - training - INFO - train x_hat mean: 0.007641, x mean: 0.012371
2026-07-14 15:37:18,211 - training - INFO - train x_hat mean: -0.004856, x mean: -0.007037
2026-07-14 15:37:18,221 - training - INFO - train x_hat mean: -0.007078, x mean: -0.007908
2026-07-14 15:37:18,231 - training - INFO - train x_hat mean: -0.004510, x mean: -0.016308
2026-07-14 15:37:18,240 - training - INFO - train x_hat mean: -0.007434, x mean: -0.016980
2026-07-14 15:37:18,250 - training - INFO - train x_hat mean: 0.001104, x mean: 0.004945
2026-07-14 15:37:18,260 - training - INFO - train x_hat mean: 0.007932, x mean: 0.009141
2026-07-14 15:37:18,270 - training - INFO - train x_hat mean: 0.011789, x mean: 0.009755
2026-07-14 15:37:18,280 - training - INFO - train x_hat mean: -0.012130, x mean: -0.016776
2026-07-14 15:37:18,290 - training - INFO - train x_hat mean: -0.004485, x mean: -0.009479
2026-07-14 15:37:18,300 - training - INFO - train x_hat mean: -0.011287, x mean: -0.015005
2026-07-14 15:37:18,310 - training - INFO - train x_hat mean: 0.002528, x mean: 0.006482
2026-07-14 15:37:18,320 - training - INFO - train x_hat mean: -0.009951, x mean: -0.015807
2026-07-14 15:37:18,330 - training - INFO - train x_hat mean: 0.003789, x mean: 0.004088
2026-07-14 15:37:18,340 - training - INFO - train x_hat mean: -0.005658, x mean: -0.011842
2026-07-14 15:37:18,350 - training - INFO - train x_hat mean: -0.009881, x mean: -0.011903
2026-07-14 15:37:18,360 - training - INFO - train x_hat mean: 0.008411, x mean: 0.020419
2026-07-14 15:37:18,369 - training - INFO - train x_hat mean: -0.015047, x mean: -0.018596
2026-07-14 15:37:18,380 - training - INFO - train x_hat mean: 0.017570, x mean: 0.021885
2026-07-14 15:37:18,390 - training - INFO - train x_hat mean: -0.005043, x mean: -0.010580
2026-07-14 15:37:18,402 - training - INFO - train x_hat mean: 0.000099, x mean: 0.001455
2026-07-14 15:37:18,412 - training - INFO - train x_hat mean: 0.002547, x mean: 0.008231
2026-07-14 15:37:18,422 - training - INFO - train x_hat mean: 0.005954, x mean: 0.006613
2026-07-14 15:37:18,432 - training - INFO - train x_hat mean: -0.011949, x mean: -0.018075
2026-07-14 15:37:18,442 - training - INFO - train x_hat mean: -0.002882, x mean: 0.002200
2026-07-14 15:37:18,452 - training - INFO - train x_hat mean: 0.013274, x mean: 0.023878
2026-07-14 15:37:18,462 - training - INFO - train x_hat mean: -0.006122, x mean: -0.008866
2026-07-14 15:37:18,472 - training - INFO - train x_hat mean: 0.007014, x mean: 0.015670
2026-07-14 15:37:18,481 - training - INFO - train x_hat mean: 0.008525, x mean: 0.017159
2026-07-14 15:37:18,491 - training - INFO - train x_hat mean: -0.004241, x mean: -0.004653
2026-07-14 15:37:18,501 - training - INFO - train x_hat mean: -0.006063, x mean: -0.006532
2026-07-14 15:37:18,510 - training - INFO - train x_hat mean: 0.013917, x mean: 0.033239
2026-07-14 15:37:18,520 - training - INFO - train x_hat mean: 0.001788, x mean: -0.000669
2026-07-14 15:37:18,530 - training - INFO - train x_hat mean: 0.010610, x mean: 0.012465
2026-07-14 15:37:18,540 - training - INFO - train x_hat mean: 0.012639, x mean: 0.016794
2026-07-14 15:37:18,550 - training - INFO - train x_hat mean: 0.020878, x mean: 0.025367
2026-07-14 15:37:18,560 - training - INFO - train x_hat mean: -0.004119, x mean: -0.006689
2026-07-14 15:37:18,570 - training - INFO - train x_hat mean: 0.012545, x mean: 0.017509
2026-07-14 15:37:18,580 - training - INFO - train x_hat mean: -0.000443, x mean: -0.000219
2026-07-14 15:37:18,590 - training - INFO - train x_hat mean: 0.006703, x mean: 0.010271
2026-07-14 15:37:18,600 - training - INFO - train x_hat mean: -0.005342, x mean: -0.018177
2026-07-14 15:37:18,611 - training - INFO - train x_hat mean: 0.000559, x mean: 0.001060
2026-07-14 15:37:18,621 - training - INFO - train x_hat mean: 0.000178, x mean: 0.003346
2026-07-14 15:37:18,632 - training - INFO - train x_hat mean: 0.004755, x mean: 0.015409
2026-07-14 15:37:18,642 - training - INFO - train x_hat mean: -0.002544, x mean: -0.001997
2026-07-14 15:37:18,652 - training - INFO - train x_hat mean: -0.003314, x mean: -0.008741
2026-07-14 15:37:18,663 - training - INFO - train x_hat mean: 0.003414, x mean: 0.002232
2026-07-14 15:37:18,672 - training - INFO - train x_hat mean: 0.009440, x mean: 0.013286
2026-07-14 15:37:18,682 - training - INFO - train x_hat mean: -0.023756, x mean: -0.032801
2026-07-14 15:37:18,693 - training - INFO - train x_hat mean: 0.003280, x mean: 0.013882
2026-07-14 15:37:18,703 - training - INFO - train x_hat mean: -0.008796, x mean: -0.007916
2026-07-14 15:37:18,713 - training - INFO - train x_hat mean: -0.005142, x mean: -0.007884
2026-07-14 15:37:18,723 - training - INFO - train x_hat mean: -0.013407, x mean: -0.017981
2026-07-14 15:37:18,733 - training - INFO - train x_hat mean: 0.010930, x mean: 0.017349
2026-07-14 15:37:18,744 - training - INFO - train x_hat mean: -0.014415, x mean: -0.008350
2026-07-14 15:37:18,754 - training - INFO - train x_hat mean: -0.008438, x mean: -0.004938
2026-07-14 15:37:18,764 - training - INFO - train x_hat mean: 0.007854, x mean: 0.010499
2026-07-14 15:37:18,774 - training - INFO - train x_hat mean: 0.008103, x mean: 0.011515
2026-07-14 15:37:18,784 - training - INFO - train x_hat mean: -0.008913, x mean: -0.021010
2026-07-14 15:37:18,794 - training - INFO - train x_hat mean: -0.013161, x mean: -0.021840
2026-07-14 15:37:18,804 - training - INFO - train x_hat mean: 0.008588, x mean: 0.012828
2026-07-14 15:37:18,814 - training - INFO - train x_hat mean: -0.000568, x mean: -0.001962
2026-07-14 15:37:18,823 - training - INFO - train x_hat mean: 0.019325, x mean: 0.029702
2026-07-14 15:37:18,834 - training - INFO - train x_hat mean: -0.006794, x mean: -0.003183
2026-07-14 15:37:18,846 - training - INFO - train x_hat mean: 0.009244, x mean: 0.015878
2026-07-14 15:37:18,857 - training - INFO - train x_hat mean: 0.000397, x mean: 0.000490
2026-07-14 15:37:18,869 - training - INFO - train x_hat mean: -0.012911, x mean: -0.030417
2026-07-14 15:37:18,881 - training - INFO - train x_hat mean: -0.015327, x mean: -0.016328
2026-07-14 15:37:18,891 - training - INFO - train x_hat mean: 0.005683, x mean: 0.008505
2026-07-14 15:37:18,901 - training - INFO - train x_hat mean: 0.010332, x mean: 0.017065
2026-07-14 15:37:18,911 - training - INFO - train x_hat mean: -0.012312, x mean: -0.012537
2026-07-14 15:37:18,921 - training - INFO - train x_hat mean: 0.013957, x mean: 0.023046
2026-07-14 15:37:18,932 - training - INFO - train x_hat mean: 0.000668, x mean: -0.001682
2026-07-14 15:37:18,943 - training - INFO - train x_hat mean: 0.012899, x mean: 0.023157
2026-07-14 15:37:18,953 - training - INFO - train x_hat mean: 0.009032, x mean: 0.013776
2026-07-14 15:37:18,962 - training - INFO - train x_hat mean: -0.020870, x mean: -0.025394
2026-07-14 15:37:18,971 - training - INFO - train x_hat mean: -0.010559, x mean: -0.011705
2026-07-14 15:37:18,981 - training - INFO - train x_hat mean: -0.009863, x mean: -0.004069
2026-07-14 15:37:18,990 - training - INFO - train x_hat mean: 0.010891, x mean: 0.015395
2026-07-14 15:37:19,000 - training - INFO - train x_hat mean: -0.008592, x mean: 0.002158
2026-07-14 15:37:19,009 - training - INFO - train x_hat mean: -0.012552, x mean: -0.012855
2026-07-14 15:37:19,019 - training - INFO - train x_hat mean: 0.011029, x mean: 0.018138
2026-07-14 15:37:19,028 - training - INFO - train x_hat mean: -0.002045, x mean: 0.009847
2026-07-14 15:37:19,038 - training - INFO - train x_hat mean: -0.016919, x mean: -0.019626
2026-07-14 15:37:19,047 - training - INFO - train x_hat mean: -0.006755, x mean: -0.004184
2026-07-14 15:37:19,056 - training - INFO - train x_hat mean: -0.024587, x mean: -0.027686
2026-07-14 15:37:19,066 - training - INFO - train x_hat mean: 0.004920, x mean: 0.009940
2026-07-14 15:37:19,075 - training - INFO - train x_hat mean: -0.009523, x mean: -0.007928
2026-07-14 15:37:19,085 - training - INFO - train x_hat mean: 0.007476, x mean: 0.009993
2026-07-14 15:37:19,094 - training - INFO - train x_hat mean: -0.003282, x mean: 0.009176
2026-07-14 15:37:19,104 - training - INFO - train x_hat mean: -0.000702, x mean: 0.002573
2026-07-14 15:37:19,114 - training - INFO - train x_hat mean: 0.000109, x mean: 0.007464
2026-07-14 15:37:19,123 - training - INFO - train x_hat mean: 0.001587, x mean: 0.000603
2026-07-14 15:37:19,133 - training - INFO - train x_hat mean: 0.002170, x mean: 0.005138
2026-07-14 15:37:19,142 - training - INFO - train x_hat mean: 0.012727, x mean: 0.032054
2026-07-14 15:37:19,152 - training - INFO - train x_hat mean: -0.000882, x mean: 0.002747
2026-07-14 15:37:19,163 - training - INFO - train x_hat mean: -0.005317, x mean: -0.006219
2026-07-14 15:37:19,172 - training - INFO - train x_hat mean: -0.010197, x mean: 0.005053
2026-07-14 15:37:19,182 - training - INFO - train x_hat mean: -0.007319, x mean: -0.002162
2026-07-14 15:37:19,191 - training - INFO - train x_hat mean: 0.001381, x mean: 0.003883
2026-07-14 15:37:19,201 - training - INFO - train x_hat mean: -0.013931, x mean: -0.007504
2026-07-14 15:37:19,212 - training - INFO - train x_hat mean: -0.007821, x mean: 0.003314
2026-07-14 15:37:19,221 - training - INFO - train x_hat mean: -0.012858, x mean: -0.023628
2026-07-14 15:37:19,231 - training - INFO - train x_hat mean: -0.003815, x mean: -0.001752
2026-07-14 15:37:19,241 - training - INFO - train x_hat mean: -0.000511, x mean: 0.003380
2026-07-14 15:37:19,250 - training - INFO - train x_hat mean: -0.013037, x mean: -0.013147
2026-07-14 15:37:19,260 - training - INFO - train x_hat mean: 0.008707, x mean: 0.011246
2026-07-14 15:37:19,270 - training - INFO - train x_hat mean: -0.004210, x mean: 0.000454
2026-07-14 15:37:19,279 - training - INFO - train x_hat mean: 0.007059, x mean: 0.006107
2026-07-14 15:37:19,288 - training - INFO - train x_hat mean: -0.017745, x mean: -0.026711
2026-07-14 15:37:19,298 - training - INFO - train x_hat mean: 0.000113, x mean: 0.003915
2026-07-14 15:37:19,308 - training - INFO - train x_hat mean: 0.017689, x mean: 0.024792
2026-07-14 15:37:19,319 - training - INFO - train x_hat mean: -0.000939, x mean: 0.000867
2026-07-14 15:37:19,328 - training - INFO - train x_hat mean: -0.004443, x mean: -0.003874
2026-07-14 15:37:19,338 - training - INFO - train x_hat mean: -0.002058, x mean: 0.000997
2026-07-14 15:37:19,349 - training - INFO - train x_hat mean: -0.002267, x mean: 0.001234
2026-07-14 15:37:19,362 - training - INFO - train x_hat mean: 0.011403, x mean: 0.023971
2026-07-14 15:37:19,372 - training - INFO - train x_hat mean: -0.039724, x mean: -0.050783
2026-07-14 15:37:19,383 - training - INFO - train x_hat mean: 0.011641, x mean: 0.024522
2026-07-14 15:37:19,394 - training - INFO - train x_hat mean: 0.010350, x mean: 0.021879
2026-07-14 15:37:19,407 - training - INFO - train x_hat mean: -0.012216, x mean: -0.016716
2026-07-14 15:37:19,423 - training - INFO - train x_hat mean: -0.002431, x mean: -0.002652
2026-07-14 15:37:19,435 - training - INFO - train x_hat mean: -0.028410, x mean: -0.030659
2026-07-14 15:37:19,446 - training - INFO - train x_hat mean: 0.016741, x mean: 0.027914
2026-07-14 15:37:19,457 - training - INFO - train x_hat mean: -0.006268, x mean: 0.000626
2026-07-14 15:37:19,470 - training - INFO - train x_hat mean: 0.001267, x mean: 0.013364
2026-07-14 15:37:19,481 - training - INFO - train x_hat mean: -0.011497, x mean: -0.003569
2026-07-14 15:37:19,494 - training - INFO - train x_hat mean: -0.024591, x mean: -0.027485
2026-07-14 15:37:19,506 - training - INFO - train x_hat mean: -0.034045, x mean: -0.039556
2026-07-14 15:37:19,518 - training - INFO - train x_hat mean: -0.001236, x mean: 0.003270
2026-07-14 15:37:19,529 - training - INFO - train x_hat mean: -0.008613, x mean: -0.008082
2026-07-14 15:37:19,539 - training - INFO - train x_hat mean: -0.020286, x mean: -0.020950
2026-07-14 15:37:19,551 - training - INFO - train x_hat mean: 0.007731, x mean: 0.005721
2026-07-14 15:37:19,562 - training - INFO - train x_hat mean: 0.007468, x mean: 0.018075
2026-07-14 15:37:19,571 - training - INFO - train x_hat mean: 0.000986, x mean: 0.015003
2026-07-14 15:37:19,580 - training - INFO - train x_hat mean: 0.003445, x mean: 0.005570
2026-07-14 15:37:19,590 - training - INFO - train x_hat mean: 0.007455, x mean: 0.018700
2026-07-14 15:37:19,599 - training - INFO - train x_hat mean: -0.019222, x mean: -0.018091
2026-07-14 15:37:19,609 - training - INFO - train x_hat mean: 0.004259, x mean: 0.009068
2026-07-14 15:37:19,619 - training - INFO - train x_hat mean: 0.002546, x mean: 0.007065
2026-07-14 15:37:19,629 - training - INFO - train x_hat mean: 0.000996, x mean: 0.004723
2026-07-14 15:37:19,638 - training - INFO - train x_hat mean: 0.003139, x mean: 0.010209
2026-07-14 15:37:19,648 - training - INFO - train x_hat mean: -0.010795, x mean: -0.007176
2026-07-14 15:37:19,657 - training - INFO - train x_hat mean: -0.006207, x mean: -0.002891
2026-07-14 15:37:19,667 - training - INFO - train x_hat mean: -0.008720, x mean: -0.008040
2026-07-14 15:37:19,677 - training - INFO - train x_hat mean: -0.006467, x mean: -0.000474
2026-07-14 15:37:19,701 - training - INFO - train x_hat mean: 0.014482, x mean: 0.029618
2026-07-14 15:37:19,717 - training - INFO - -------------------------------------------
2026-07-14 15:37:19,717 - training - INFO - training: epoch 1/2,
total loss: 0.9780314773,
mse: 0.9780314773,
kl: 0.000000e+00
2026-07-14 15:37:19,719 - training - INFO - epoch 0 first param mean: 0.001717
2026-07-14 15:37:19,720 - training - INFO - epoch 0 first x_hat mean: check below
2026-07-14 15:37:19,724 - training - INFO - valid x_hat mean: 0.000931, x mean: 0.009377
2026-07-14 15:37:19,757 - training - INFO - valid x_hat mean: -0.005360, x mean: 0.000840
2026-07-14 15:37:19,765 - training - INFO - valid x_hat mean: -0.004515, x mean: -0.002835
2026-07-14 15:37:19,771 - training - INFO - valid x_hat mean: 0.021341, x mean: 0.028422
2026-07-14 15:37:19,776 - training - INFO - valid x_hat mean: -0.002641, x mean: 0.002669
2026-07-14 15:37:19,782 - training - INFO - valid x_hat mean: 0.007518, x mean: 0.011132
2026-07-14 15:37:19,788 - training - INFO - valid x_hat mean: -0.001882, x mean: 0.003106
2026-07-14 15:37:19,794 - training - INFO - valid x_hat mean: -0.036187, x mean: -0.044376
2026-07-14 15:37:19,800 - training - INFO - valid x_hat mean: 0.004160, x mean: 0.009749
2026-07-14 15:37:19,807 - training - INFO - valid x_hat mean: -0.038421, x mean: -0.047850
2026-07-14 15:37:19,814 - training - INFO - valid x_hat mean: -0.017451, x mean: -0.022782
2026-07-14 15:37:19,821 - training - INFO - valid x_hat mean: 0.003668, x mean: 0.006421
2026-07-14 15:37:19,828 - training - INFO - valid x_hat mean: 0.018908, x mean: 0.038202
2026-07-14 15:37:19,835 - training - INFO - valid x_hat mean: -0.020778, x mean: -0.027698
2026-07-14 15:37:19,842 - training - INFO - valid x_hat mean: -0.010222, x mean: -0.006880
2026-07-14 15:37:19,849 - training - INFO - valid x_hat mean: 0.010229, x mean: 0.017462
2026-07-14 15:37:19,854 - training - INFO - valid x_hat mean: -0.002451, x mean: -0.000989
2026-07-14 15:37:19,861 - training - INFO - valid x_hat mean: -0.009967, x mean: -0.000331
2026-07-14 15:37:19,868 - training - INFO - valid x_hat mean: -0.007436, x mean: -0.008240
2026-07-14 15:37:19,874 - training - INFO - valid x_hat mean: -0.025120, x mean: -0.023068
2026-07-14 15:37:19,881 - training - INFO - valid x_hat mean: -0.007276, x mean: 0.000746
2026-07-14 15:37:19,887 - training - INFO - valid x_hat mean: -0.008102, x mean: -0.004171
2026-07-14 15:37:19,893 - training - INFO - valid x_hat mean: 0.002106, x mean: 0.005284
2026-07-14 15:37:19,900 - training - INFO - valid x_hat mean: 0.008822, x mean: 0.022986
2026-07-14 15:37:19,905 - training - INFO - valid x_hat mean: 0.003444, x mean: 0.009799
2026-07-14 15:37:19,912 - training - INFO - valid x_hat mean: -0.006274, x mean: -0.005076
2026-07-14 15:37:19,918 - training - INFO - valid x_hat mean: 0.009587, x mean: 0.014343
2026-07-14 15:37:19,924 - training - INFO - valid x_hat mean: -0.010075, x mean: -0.011491
2026-07-14 15:37:19,930 - training - INFO - valid x_hat mean: -0.012666, x mean: -0.009374
2026-07-14 15:37:19,936 - training - INFO - valid x_hat mean: 0.003516, x mean: 0.010746
2026-07-14 15:37:19,942 - training - INFO - valid x_hat mean: -0.032590, x mean: -0.034973
2026-07-14 15:37:19,948 - training - INFO - valid x_hat mean: -0.003198, x mean: 0.013391
2026-07-14 15:37:19,954 - training - INFO - valid x_hat mean: 0.006820, x mean: 0.013193
2026-07-14 15:37:19,960 - training - INFO - valid x_hat mean: -0.003114, x mean: -0.004315
2026-07-14 15:37:19,966 - training - INFO - valid x_hat mean: 0.015671, x mean: 0.024615
2026-07-14 15:37:19,972 - training - INFO - valid x_hat mean: 0.001601, x mean: 0.014914
2026-07-14 15:37:19,979 - training - INFO - valid x_hat mean: -0.006147, x mean: -0.004532
2026-07-14 15:37:19,984 - training - INFO - valid x_hat mean: 0.005589, x mean: 0.010734
2026-07-14 15:37:19,991 - training - INFO - valid x_hat mean: 0.006042, x mean: 0.016938
2026-07-14 15:37:19,999 - training - INFO - valid x_hat mean: -0.005741, x mean: -0.003463
2026-07-14 15:37:20,005 - training - INFO - valid x_hat mean: -0.031267, x mean: -0.034494
2026-07-14 15:37:20,012 - training - INFO - valid x_hat mean: 0.010549, x mean: 0.017434
2026-07-14 15:37:20,018 - training - INFO - valid x_hat mean: -0.048178, x mean: -0.059180
2026-07-14 15:37:20,024 - training - INFO - valid x_hat mean: 0.015026, x mean: 0.033721
2026-07-14 15:37:20,029 - training - INFO - valid x_hat mean: -0.008979, x mean: -0.007108
2026-07-14 15:37:20,035 - training - INFO - valid x_hat mean: -0.004554, x mean: 0.007012
2026-07-14 15:37:20,041 - training - INFO - valid x_hat mean: 0.000276, x mean: 0.004663
2026-07-14 15:37:20,047 - training - INFO - valid x_hat mean: -0.010497, x mean: -0.005601
2026-07-14 15:37:20,052 - training - INFO - valid x_hat mean: 0.001360, x mean: 0.009842
2026-07-14 15:37:20,058 - training - INFO - valid x_hat mean: 0.004736, x mean: 0.011574
2026-07-14 15:37:20,063 - training - INFO - valid x_hat mean: -0.002265, x mean: 0.000316
2026-07-14 15:37:20,069 - training - INFO - valid x_hat mean: 0.007470, x mean: 0.012434
2026-07-14 15:37:20,075 - training - INFO - valid x_hat mean: -0.005939, x mean: -0.001045
2026-07-14 15:37:20,081 - training - INFO - valid x_hat mean: -0.016129, x mean: -0.017996
2026-07-14 15:37:20,086 - training - INFO - valid x_hat mean: -0.000097, x mean: 0.004469
2026-07-14 15:37:20,092 - training - INFO - valid x_hat mean: -0.011911, x mean: -0.008232
2026-07-14 15:37:20,098 - training - INFO - valid x_hat mean: -0.013275, x mean: -0.010605
2026-07-14 15:37:20,104 - training - INFO - valid x_hat mean: -0.019189, x mean: -0.013898
2026-07-14 15:37:20,110 - training - INFO - valid x_hat mean: 0.019996, x mean: 0.081952
2026-07-14 15:37:20,116 - training - INFO - valid x_hat mean: -0.003978, x mean: 0.000328
2026-07-14 15:37:20,121 - training - INFO - valid x_hat mean: 0.010082, x mean: 0.018470
2026-07-14 15:37:20,127 - training - INFO - valid x_hat mean: 0.010546, x mean: 0.011950
2026-07-14 15:37:20,133 - training - INFO - valid x_hat mean: 0.001432, x mean: 0.005818
2026-07-14 15:37:20,139 - training - INFO - valid x_hat mean: 0.010796, x mean: 0.014703
2026-07-14 15:37:20,145 - training - INFO - valid x_hat mean: -0.011836, x mean: -0.004183
2026-07-14 15:37:20,150 - training - INFO - valid x_hat mean: -0.005790, x mean: -0.002920
2026-07-14 15:37:20,156 - training - INFO - valid x_hat mean: -0.009639, x mean: -0.008097
2026-07-14 15:37:20,162 - training - INFO - valid x_hat mean: -0.009795, x mean: -0.009027
2026-07-14 15:37:20,168 - training - INFO - valid x_hat mean: -0.015353, x mean: -0.017680
2026-07-14 15:37:20,174 - training - INFO - valid x_hat mean: -0.017050, x mean: -0.016177
2026-07-14 15:37:20,181 - training - INFO - valid x_hat mean: 0.014190, x mean: 0.024618
2026-07-14 15:37:20,187 - training - INFO - valid x_hat mean: -0.024370, x mean: -0.030339
2026-07-14 15:37:20,193 - training - INFO - valid x_hat mean: -0.015240, x mean: -0.008723
2026-07-14 15:37:20,199 - training - INFO - valid x_hat mean: -0.001151, x mean: 0.001687
2026-07-14 15:37:20,205 - training - INFO - valid x_hat mean: -0.021350, x mean: -0.022385
2026-07-14 15:37:20,211 - training - INFO - valid x_hat mean: 0.023157, x mean: 0.027953
2026-07-14 15:37:20,217 - training - INFO - valid x_hat mean: -0.003232, x mean: -0.003949
2026-07-14 15:37:20,223 - training - INFO - valid x_hat mean: -0.022982, x mean: -0.017840
2026-07-14 15:37:20,229 - training - INFO - valid x_hat mean: -0.021668, x mean: -0.022768
2026-07-14 15:37:20,235 - training - INFO - valid x_hat mean: -0.008734, x mean: 0.000207
2026-07-14 15:37:20,240 - training - INFO - valid x_hat mean: -0.011655, x mean: -0.005067
2026-07-14 15:37:20,246 - training - INFO - valid x_hat mean: 0.005819, x mean: 0.011149
2026-07-14 15:37:20,253 - training - INFO - valid x_hat mean: 0.009851, x mean: 0.014304
2026-07-14 15:37:20,258 - training - INFO - valid x_hat mean: -0.017232, x mean: -0.017850
2026-07-14 15:37:20,264 - training - INFO - valid x_hat mean: 0.004800, x mean: 0.010186
2026-07-14 15:37:20,270 - training - INFO - valid x_hat mean: 0.025405, x mean: 0.037348
2026-07-14 15:37:20,275 - training - INFO - valid x_hat mean: -0.004108, x mean: -0.002164
2026-07-14 15:37:20,282 - training - INFO - valid x_hat mean: 0.023984, x mean: 0.029323
2026-07-14 15:37:20,288 - training - INFO - valid x_hat mean: -0.018017, x mean: -0.016910
2026-07-14 15:37:20,294 - training - INFO - valid x_hat mean: 0.011184, x mean: 0.016285
2026-07-14 15:37:20,300 - training - INFO - valid x_hat mean: 0.012504, x mean: 0.019556
2026-07-14 15:37:20,306 - training - INFO - valid x_hat mean: -0.007325, x mean: -0.002395
2026-07-14 15:37:20,313 - training - INFO - valid x_hat mean: -0.019225, x mean: -0.021578
2026-07-14 15:37:20,319 - training - INFO - valid x_hat mean: -0.019285, x mean: -0.016816
2026-07-14 15:37:20,325 - training - INFO - valid x_hat mean: -0.011930, x mean: -0.010513
2026-07-14 15:37:20,338 - training - INFO - valid x_hat mean: -0.030317, x mean: -0.034326
2026-07-14 15:37:20,345 - training - INFO - valid x_hat mean: -0.015756, x mean: -0.016847
2026-07-14 15:37:20,351 - training - INFO - valid x_hat mean: 0.006256, x mean: 0.012385
2026-07-14 15:37:20,357 - training - INFO - valid x_hat mean: -0.023176, x mean: -0.035125
2026-07-14 15:37:20,364 - training - INFO - valid x_hat mean: 0.014410, x mean: 0.019177
2026-07-14 15:37:20,371 - training - INFO - valid x_hat mean: -0.001093, x mean: -0.001331
2026-07-14 15:37:20,378 - training - INFO - valid x_hat mean: 0.001220, x mean: 0.009603
2026-07-14 15:37:20,384 - training - INFO - valid x_hat mean: -0.024024, x mean: -0.019596
2026-07-14 15:37:20,390 - training - INFO - valid x_hat mean: -0.014055, x mean: -0.019893
2026-07-14 15:37:20,397 - training - INFO - valid x_hat mean: -0.026157, x mean: -0.030712
2026-07-14 15:37:20,404 - training - INFO - valid x_hat mean: -0.001859, x mean: 0.004183
2026-07-14 15:37:20,410 - training - INFO - valid x_hat mean: 0.014273, x mean: 0.021748
2026-07-14 15:37:20,416 - training - INFO - valid x_hat mean: -0.023957, x mean: -0.027477
2026-07-14 15:37:20,423 - training - INFO - valid x_hat mean: -0.015404, x mean: -0.010905
2026-07-14 15:37:20,430 - training - INFO - valid x_hat mean: -0.004067, x mean: 0.001306
2026-07-14 15:37:20,435 - training - INFO - valid x_hat mean: -0.019754, x mean: -0.025552
2026-07-14 15:37:20,441 - training - INFO - valid x_hat mean: -0.002677, x mean: -0.000416
2026-07-14 15:37:20,448 - training - INFO - valid x_hat mean: 0.000427, x mean: 0.007621
2026-07-14 15:37:20,454 - training - INFO - valid x_hat mean: -0.048083, x mean: -0.048739
2026-07-14 15:37:20,459 - training - INFO - valid x_hat mean: -0.017448, x mean: -0.018912
2026-07-14 15:37:20,466 - training - INFO - valid x_hat mean: 0.004506, x mean: 0.011002
2026-07-14 15:37:20,471 - training - INFO - valid x_hat mean: -0.004446, x mean: 0.002140
2026-07-14 15:37:20,484 - training - INFO - valid x_hat mean: 0.025590, x mean: 0.035486
2026-07-14 15:37:20,489 - training - INFO - valid x_hat mean: 0.001842, x mean: 0.005889
2026-07-14 15:37:20,496 - training - INFO - valid x_hat mean: -0.015131, x mean: -0.014840
2026-07-14 15:37:20,501 - training - INFO - valid x_hat mean: 0.007629, x mean: 0.009711
2026-07-14 15:37:20,507 - training - INFO - valid x_hat mean: -0.019903, x mean: -0.018911
2026-07-14 15:37:20,514 - training - INFO - valid x_hat mean: -0.018471, x mean: -0.015453
2026-07-14 15:37:20,520 - training - INFO - valid x_hat mean: 0.002944, x mean: 0.005623
2026-07-14 15:37:20,525 - training - INFO - valid x_hat mean: -0.012321, x mean: -0.012890
2026-07-14 15:37:20,531 - training - INFO - valid x_hat mean: -0.024712, x mean: -0.018276
2026-07-14 15:37:20,537 - training - INFO - valid x_hat mean: 0.020811, x mean: 0.026069
2026-07-14 15:37:20,544 - training - INFO - valid x_hat mean: -0.024130, x mean: -0.024838
2026-07-14 15:37:20,550 - training - INFO - valid x_hat mean: 0.003729, x mean: 0.004406
2026-07-14 15:37:20,556 - training - INFO - valid x_hat mean: 0.003667, x mean: 0.007759
2026-07-14 15:37:20,564 - training - INFO - valid x_hat mean: -0.017079, x mean: -0.012641
2026-07-14 15:37:20,570 - training - INFO - valid x_hat mean: -0.003566, x mean: -0.000563
2026-07-14 15:37:20,577 - training - INFO - valid x_hat mean: 0.014506, x mean: 0.020247
2026-07-14 15:37:20,584 - training - INFO - valid x_hat mean: 0.000515, x mean: 0.002091
2026-07-14 15:37:20,590 - training - INFO - valid x_hat mean: -0.039566, x mean: -0.039784
2026-07-14 15:37:20,596 - training - INFO - valid x_hat mean: 0.003225, x mean: 0.010550
2026-07-14 15:37:20,602 - training - INFO - valid x_hat mean: -0.005281, x mean: -0.001754
2026-07-14 15:37:20,607 - training - INFO - valid x_hat mean: -0.011398, x mean: -0.010459
2026-07-14 15:37:20,615 - training - INFO - valid x_hat mean: -0.015333, x mean: -0.009247
2026-07-14 15:37:20,621 - training - INFO - valid x_hat mean: -0.003689, x mean: -0.008133
2026-07-14 15:37:20,628 - training - INFO - valid x_hat mean: -0.024657, x mean: -0.032247
2026-07-14 15:37:20,634 - training - INFO - valid x_hat mean: -0.011940, x mean: -0.016387
2026-07-14 15:37:20,640 - training - INFO - valid x_hat mean: 0.009246, x mean: 0.012093
2026-07-14 15:37:20,646 - training - INFO - valid x_hat mean: 0.010605, x mean: 0.025027
2026-07-14 15:37:20,652 - training - INFO - valid x_hat mean: -0.021399, x mean: -0.029056
2026-07-14 15:37:20,658 - training - INFO - valid x_hat mean: 0.019868, x mean: 0.028391
2026-07-14 15:37:20,664 - training - INFO - valid x_hat mean: -0.005544, x mean: -0.002527
2026-07-14 15:37:20,670 - training - INFO - valid x_hat mean: -0.008049, x mean: -0.006361
2026-07-14 15:37:20,676 - training - INFO - valid x_hat mean: 0.002660, x mean: 0.013323
2026-07-14 15:37:20,682 - training - INFO - valid x_hat mean: -0.000834, x mean: 0.006169
2026-07-14 15:37:20,688 - training - INFO - valid x_hat mean: -0.006386, x mean: -0.008712
2026-07-14 15:37:20,694 - training - INFO - valid x_hat mean: -0.003364, x mean: 0.008952
2026-07-14 15:37:20,700 - training - INFO - valid x_hat mean: -0.015910, x mean: -0.010066
2026-07-14 15:37:20,706 - training - INFO - valid x_hat mean: -0.021820, x mean: -0.017801
2026-07-14 15:37:20,712 - training - INFO - valid x_hat mean: -0.027442, x mean: -0.014329
2026-07-14 15:37:20,718 - training - INFO - valid x_hat mean: -0.019279, x mean: -0.002814
2026-07-14 15:37:20,724 - training - INFO - valid x_hat mean: -0.017359, x mean: -0.000529
2026-07-14 15:37:20,730 - training - INFO - valid x_hat mean: -0.025951, x mean: -0.011548
2026-07-14 15:37:20,736 - training - INFO - valid x_hat mean: -0.020106, x mean: -0.003975
2026-07-14 15:37:20,750 - training - INFO - valid x_hat mean: -0.032941, x mean: -0.020416
2026-07-14 15:37:20,756 - training - INFO - valid x_hat mean: -0.025631, x mean: -0.011217
2026-07-14 15:37:20,763 - training - INFO - valid x_hat mean: -0.024056, x mean: -0.009802
2026-07-14 15:37:20,770 - training - INFO - valid x_hat mean: -0.028823, x mean: -0.014712
2026-07-14 15:37:20,776 - training - INFO - valid x_hat mean: -0.021965, x mean: -0.008638
2026-07-14 15:37:20,782 - training - INFO - valid x_hat mean: -0.027171, x mean: -0.012813
2026-07-14 15:37:20,788 - training - INFO - valid x_hat mean: -0.022265, x mean: -0.007569
2026-07-14 15:37:20,794 - training - INFO - valid x_hat mean: -0.025801, x mean: -0.011998
2026-07-14 15:37:20,800 - training - INFO - valid x_hat mean: -0.026931, x mean: -0.014584
2026-07-14 15:37:20,806 - training - INFO - valid x_hat mean: -0.022616, x mean: -0.007038
2026-07-14 15:37:20,812 - training - INFO - valid x_hat mean: -0.028425, x mean: -0.015224
2026-07-14 15:37:20,818 - training - INFO - valid x_hat mean: -0.031898, x mean: -0.017809
2026-07-14 15:37:20,824 - training - INFO - valid x_hat mean: -0.024864, x mean: -0.010504
2026-07-14 15:37:20,842 - training - INFO - valid x_hat mean: -0.058583, x mean: -0.053106
2026-07-14 15:37:20,847 - training - INFO - valid: epoch 1/2,
total loss: 0.9641611560,
mse: 0.9641611560,
kl: 0.000000e+00
2026-07-14 15:37:20,918 - training - INFO - epoch 1 first param mean: 0.001717
2026-07-14 15:37:20,918 - training - INFO - epoch 1 first x_hat mean: check below
2026-07-14 15:37:20,929 - training - INFO - train x_hat mean: 0.013110, x mean: 0.023266
2026-07-14 15:37:20,939 - training - INFO - train x_hat mean: 0.004758, x mean: 0.008962
2026-07-14 15:37:20,951 - training - INFO - train x_hat mean: 0.002689, x mean: 0.012776
2026-07-14 15:37:20,961 - training - INFO - train x_hat mean: -0.008620, x mean: -0.002997
2026-07-14 15:37:20,971 - training - INFO - train x_hat mean: -0.004070, x mean: 0.001073
2026-07-14 15:37:20,981 - training - INFO - train x_hat mean: -0.025835, x mean: -0.027531
2026-07-14 15:37:20,991 - training - INFO - train x_hat mean: 0.001175, x mean: 0.010441
2026-07-14 15:37:21,000 - training - INFO - train x_hat mean: 0.002232, x mean: 0.004126
2026-07-14 15:37:21,011 - training - INFO - train x_hat mean: 0.000431, x mean: 0.005041
2026-07-14 15:37:21,022 - training - INFO - train x_hat mean: 0.008217, x mean: 0.016151
2026-07-14 15:37:21,034 - training - INFO - train x_hat mean: -0.006990, x mean: 0.001515
2026-07-14 15:37:21,044 - training - INFO - train x_hat mean: 0.012496, x mean: 0.022615
2026-07-14 15:37:21,055 - training - INFO - train x_hat mean: 0.000052, x mean: 0.004902
2026-07-14 15:37:21,067 - training - INFO - train x_hat mean: -0.006652, x mean: -0.000650
2026-07-14 15:37:21,079 - training - INFO - train x_hat mean: -0.004971, x mean: 0.015618
2026-07-14 15:37:21,092 - training - INFO - train x_hat mean: -0.006773, x mean: 0.001356
2026-07-14 15:37:21,104 - training - INFO - train x_hat mean: -0.012453, x mean: -0.005076
2026-07-14 15:37:21,115 - training - INFO - train x_hat mean: -0.000279, x mean: 0.007802
2026-07-14 15:37:21,129 - training - INFO - train x_hat mean: -0.019999, x mean: -0.020116
2026-07-14 15:37:21,141 - training - INFO - train x_hat mean: -0.019934, x mean: -0.024918
2026-07-14 15:37:21,153 - training - INFO - train x_hat mean: -0.019493, x mean: -0.018160
2026-07-14 15:37:21,167 - training - INFO - train x_hat mean: -0.015595, x mean: -0.011689
2026-07-14 15:37:21,179 - training - INFO - train x_hat mean: -0.000494, x mean: -0.004561
2026-07-14 15:37:21,192 - training - INFO - train x_hat mean: 0.002865, x mean: 0.011129
2026-07-14 15:37:21,204 - training - INFO - train x_hat mean: -0.025283, x mean: -0.029830
2026-07-14 15:37:21,218 - training - INFO - train x_hat mean: 0.010002, x mean: 0.014927
2026-07-14 15:37:21,230 - training - INFO - train x_hat mean: -0.009676, x mean: 0.005067
2026-07-14 15:37:21,242 - training - INFO - train x_hat mean: -0.006116, x mean: -0.004529
2026-07-14 15:37:21,254 - training - INFO - train x_hat mean: 0.029278, x mean: 0.045404
2026-07-14 15:37:21,266 - training - INFO - train x_hat mean: -0.012370, x mean: -0.000705
2026-07-14 15:37:21,278 - training - INFO - train x_hat mean: 0.007734, x mean: 0.025193
2026-07-14 15:37:21,288 - training - INFO - train x_hat mean: -0.010865, x mean: -0.007480
2026-07-14 15:37:21,298 - training - INFO - train x_hat mean: 0.005514, x mean: 0.010027
2026-07-14 15:37:21,308 - training - INFO - train x_hat mean: 0.004341, x mean: 0.007687
2026-07-14 15:37:21,318 - training - INFO - train x_hat mean: 0.000878, x mean: 0.010399
2026-07-14 15:37:21,327 - training - INFO - train x_hat mean: -0.005866, x mean: -0.004079
2026-07-14 15:37:21,337 - training - INFO - train x_hat mean: -0.015828, x mean: -0.011220
2026-07-14 15:37:21,347 - training - INFO - train x_hat mean: -0.015162, x mean: -0.016784
2026-07-14 15:37:21,356 - training - INFO - train x_hat mean: 0.004831, x mean: 0.010475
2026-07-14 15:37:21,367 - training - INFO - train x_hat mean: 0.000912, x mean: 0.004339
2026-07-14 15:37:21,377 - training - INFO - train x_hat mean: -0.001715, x mean: 0.003219
2026-07-14 15:37:21,388 - training - INFO - train x_hat mean: -0.009359, x mean: -0.008978
2026-07-14 15:37:21,398 - training - INFO - train x_hat mean: 0.001155, x mean: 0.009056
2026-07-14 15:37:21,409 - training - INFO - train x_hat mean: 0.013585, x mean: 0.039814
2026-07-14 15:37:21,419 - training - INFO - train x_hat mean: -0.010678, x mean: -0.008175
2026-07-14 15:37:21,428 - training - INFO - train x_hat mean: 0.013228, x mean: 0.021538
2026-07-14 15:37:21,438 - training - INFO - train x_hat mean: -0.001002, x mean: -0.000630
2026-07-14 15:37:21,447 - training - INFO - train x_hat mean: 0.005835, x mean: 0.007561
2026-07-14 15:37:21,456 - training - INFO - train x_hat mean: 0.005806, x mean: 0.002333
2026-07-14 15:37:21,466 - training - INFO - train x_hat mean: -0.029975, x mean: -0.034863
2026-07-14 15:37:21,476 - training - INFO - train x_hat mean: 0.008760, x mean: 0.016322
2026-07-14 15:37:21,485 - training - INFO - train x_hat mean: -0.015882, x mean: -0.012130
2026-07-14 15:37:21,495 - training - INFO - train x_hat mean: -0.001608, x mean: 0.002111
2026-07-14 15:37:21,504 - training - INFO - train x_hat mean: 0.022847, x mean: 0.036235
2026-07-14 15:37:21,514 - training - INFO - train x_hat mean: -0.024601, x mean: -0.024793
2026-07-14 15:37:21,523 - training - INFO - train x_hat mean: 0.014181, x mean: 0.018595
2026-07-14 15:37:21,533 - training - INFO - train x_hat mean: 0.002315, x mean: 0.011775
2026-07-14 15:37:21,542 - training - INFO - train x_hat mean: -0.004939, x mean: -0.006090
2026-07-14 15:37:21,552 - training - INFO - train x_hat mean: -0.014896, x mean: -0.019815
2026-07-14 15:37:21,561 - training - INFO - train x_hat mean: 0.003491, x mean: 0.009010
2026-07-14 15:37:21,571 - training - INFO - train x_hat mean: 0.006521, x mean: 0.010974
2026-07-14 15:37:21,580 - training - INFO - train x_hat mean: -0.001351, x mean: 0.002390
2026-07-14 15:37:21,590 - training - INFO - train x_hat mean: -0.010497, x mean: -0.005010
2026-07-14 15:37:21,599 - training - INFO - train x_hat mean: -0.016723, x mean: -0.010511
2026-07-14 15:37:21,609 - training - INFO - train x_hat mean: -0.006515, x mean: 0.001292
2026-07-14 15:37:21,618 - training - INFO - train x_hat mean: 0.000908, x mean: 0.005824
2026-07-14 15:37:21,628 - training - INFO - train x_hat mean: 0.002176, x mean: 0.010346
2026-07-14 15:37:21,637 - training - INFO - train x_hat mean: 0.022795, x mean: 0.039074
2026-07-14 15:37:21,647 - training - INFO - train x_hat mean: 0.005738, x mean: 0.016786
2026-07-14 15:37:21,656 - training - INFO - train x_hat mean: -0.015912, x mean: -0.015307
2026-07-14 15:37:21,666 - training - INFO - train x_hat mean: -0.014117, x mean: -0.004924
2026-07-14 15:37:21,676 - training - INFO - train x_hat mean: -0.044941, x mean: -0.047522
2026-07-14 15:37:21,686 - training - INFO - train x_hat mean: -0.002123, x mean: 0.002852
2026-07-14 15:37:21,696 - training - INFO - train x_hat mean: 0.004135, x mean: 0.009871
2026-07-14 15:37:21,706 - training - INFO - train x_hat mean: 0.008195, x mean: 0.013089
2026-07-14 15:37:21,716 - training - INFO - train x_hat mean: -0.017805, x mean: -0.023280
2026-07-14 15:37:21,727 - training - INFO - train x_hat mean: -0.009314, x mean: -0.010657
2026-07-14 15:37:21,736 - training - INFO - train x_hat mean: 0.001885, x mean: 0.010682
2026-07-14 15:37:21,746 - training - INFO - train x_hat mean: -0.002807, x mean: 0.003067
2026-07-14 15:37:21,756 - training - INFO - train x_hat mean: 0.010639, x mean: 0.018182
2026-07-14 15:37:21,766 - training - INFO - train x_hat mean: -0.000160, x mean: 0.006541
2026-07-14 15:37:21,776 - training - INFO - train x_hat mean: 0.007382, x mean: 0.011991
2026-07-14 15:37:21,786 - training - INFO - train x_hat mean: -0.017634, x mean: -0.014223
2026-07-14 15:37:21,797 - training - INFO - train x_hat mean: -0.019797, x mean: -0.019201
2026-07-14 15:37:21,807 - training - INFO - train x_hat mean: 0.010225, x mean: 0.013615
2026-07-14 15:37:21,817 - training - INFO - train x_hat mean: 0.004452, x mean: 0.017381
2026-07-14 15:37:21,827 - training - INFO - train x_hat mean: 0.019816, x mean: 0.023151
2026-07-14 15:37:21,837 - training - INFO - train x_hat mean: -0.006633, x mean: 0.006356
2026-07-14 15:37:21,848 - training - INFO - train x_hat mean: -0.002441, x mean: 0.007679
2026-07-14 15:37:21,858 - training - INFO - train x_hat mean: -0.012926, x mean: -0.012059
2026-07-14 15:37:21,868 - training - INFO - train x_hat mean: -0.003265, x mean: 0.002371
2026-07-14 15:37:21,878 - training - INFO - train x_hat mean: 0.002502, x mean: 0.005876
2026-07-14 15:37:21,888 - training - INFO - train x_hat mean: -0.013309, x mean: -0.006775
2026-07-14 15:37:21,898 - training - INFO - train x_hat mean: 0.003003, x mean: 0.009141
2026-07-14 15:37:21,908 - training - INFO - train x_hat mean: -0.014493, x mean: -0.010198
2026-07-14 15:37:21,918 - training - INFO - train x_hat mean: -0.018023, x mean: -0.009158
2026-07-14 15:37:21,928 - training - INFO - train x_hat mean: -0.017200, x mean: -0.012160
2026-07-14 15:37:21,939 - training - INFO - train x_hat mean: 0.018495, x mean: 0.022017
2026-07-14 15:37:21,949 - training - INFO - train x_hat mean: -0.006584, x mean: -0.003677
2026-07-14 15:37:21,959 - training - INFO - train x_hat mean: 0.011969, x mean: 0.018765
2026-07-14 15:37:21,969 - training - INFO - train x_hat mean: -0.027009, x mean: -0.019433
2026-07-14 15:37:21,980 - training - INFO - train x_hat mean: 0.009102, x mean: 0.014375
2026-07-14 15:37:21,990 - training - INFO - train x_hat mean: 0.003363, x mean: 0.018800
2026-07-14 15:37:21,999 - training - INFO - train x_hat mean: 0.009284, x mean: 0.012482
2026-07-14 15:37:22,009 - training - INFO - train x_hat mean: 0.010867, x mean: 0.019358
2026-07-14 15:37:22,018 - training - INFO - train x_hat mean: -0.000828, x mean: 0.006350
2026-07-14 15:37:22,028 - training - INFO - train x_hat mean: -0.015609, x mean: -0.007356
2026-07-14 15:37:22,037 - training - INFO - train x_hat mean: -0.002577, x mean: 0.006344
2026-07-14 15:37:22,047 - training - INFO - train x_hat mean: 0.002846, x mean: 0.013837
2026-07-14 15:37:22,056 - training - INFO - train x_hat mean: 0.000166, x mean: 0.004860
2026-07-14 15:37:22,066 - training - INFO - train x_hat mean: -0.003989, x mean: 0.000490
2026-07-14 15:37:22,075 - training - INFO - train x_hat mean: -0.000613, x mean: 0.003779
2026-07-14 15:37:22,085 - training - INFO - train x_hat mean: -0.016489, x mean: -0.014679
2026-07-14 15:37:22,096 - training - INFO - train x_hat mean: -0.004708, x mean: 0.000910
2026-07-14 15:37:22,105 - training - INFO - train x_hat mean: 0.001474, x mean: 0.005678
2026-07-14 15:37:22,115 - training - INFO - train x_hat mean: 0.002223, x mean: 0.008614
2026-07-14 15:37:22,125 - training - INFO - train x_hat mean: -0.027508, x mean: -0.025599
2026-07-14 15:37:22,135 - training - INFO - train x_hat mean: 0.001872, x mean: 0.009081
2026-07-14 15:37:22,144 - training - INFO - train x_hat mean: 0.011620, x mean: 0.019952
2026-07-14 15:37:22,154 - training - INFO - train x_hat mean: -0.023146, x mean: -0.022743
2026-07-14 15:37:22,163 - training - INFO - train x_hat mean: 0.003395, x mean: 0.007917
2026-07-14 15:37:22,172 - training - INFO - train x_hat mean: -0.026429, x mean: -0.022512
2026-07-14 15:37:22,182 - training - INFO - train x_hat mean: 0.003686, x mean: 0.025295
2026-07-14 15:37:22,192 - training - INFO - train x_hat mean: -0.000646, x mean: 0.002586
2026-07-14 15:37:22,201 - training - INFO - train x_hat mean: -0.000371, x mean: 0.001966
2026-07-14 15:37:22,211 - training - INFO - train x_hat mean: -0.028097, x mean: -0.030438
2026-07-14 15:37:22,221 - training - INFO - train x_hat mean: 0.008030, x mean: 0.010432
2026-07-14 15:37:22,231 - training - INFO - train x_hat mean: -0.027207, x mean: -0.013553
2026-07-14 15:37:22,241 - training - INFO - train x_hat mean: -0.017854, x mean: -0.017064
2026-07-14 15:37:22,251 - training - INFO - train x_hat mean: -0.033651, x mean: -0.032562
2026-07-14 15:37:22,262 - training - INFO - train x_hat mean: -0.016330, x mean: -0.015521
2026-07-14 15:37:22,272 - training - INFO - train x_hat mean: -0.009535, x mean: -0.008168
2026-07-14 15:37:22,283 - training - INFO - train x_hat mean: -0.006949, x mean: -0.003716
2026-07-14 15:37:22,292 - training - INFO - train x_hat mean: -0.027520, x mean: -0.023011
2026-07-14 15:37:22,302 - training - INFO - train x_hat mean: -0.010592, x mean: -0.002300
2026-07-14 15:37:22,312 - training - INFO - train x_hat mean: -0.009288, x mean: -0.004012
2026-07-14 15:37:22,322 - training - INFO - train x_hat mean: 0.001296, x mean: 0.005891
2026-07-14 15:37:22,332 - training - INFO - train x_hat mean: -0.042587, x mean: -0.047064
2026-07-14 15:37:22,343 - training - INFO - train x_hat mean: 0.003068, x mean: 0.013072
2026-07-14 15:37:22,353 - training - INFO - train x_hat mean: 0.015895, x mean: 0.022538
2026-07-14 15:37:22,363 - training - INFO - train x_hat mean: -0.042005, x mean: -0.039652
2026-07-14 15:37:22,372 - training - INFO - train x_hat mean: 0.004899, x mean: 0.014072
2026-07-14 15:37:22,382 - training - INFO - train x_hat mean: -0.015293, x mean: -0.012907
2026-07-14 15:37:22,392 - training - INFO - train x_hat mean: 0.004411, x mean: 0.007220
2026-07-14 15:37:22,402 - training - INFO - train x_hat mean: -0.015113, x mean: -0.011158
2026-07-14 15:37:22,413 - training - INFO - train x_hat mean: -0.000549, x mean: 0.009120
2026-07-14 15:37:22,422 - training - INFO - train x_hat mean: -0.011807, x mean: -0.007816
2026-07-14 15:37:22,433 - training - INFO - train x_hat mean: -0.004290, x mean: 0.006530
2026-07-14 15:37:22,444 - training - INFO - train x_hat mean: -0.021609, x mean: -0.015970
2026-07-14 15:37:22,454 - training - INFO - train x_hat mean: 0.003692, x mean: 0.008610
2026-07-14 15:37:22,463 - training - INFO - train x_hat mean: -0.014692, x mean: -0.014027
2026-07-14 15:37:22,473 - training - INFO - train x_hat mean: -0.013745, x mean: -0.007675
2026-07-14 15:37:22,483 - training - INFO - train x_hat mean: -0.009920, x mean: -0.005590
2026-07-14 15:37:22,492 - training - INFO - train x_hat mean: -0.016226, x mean: -0.006283
2026-07-14 15:37:22,502 - training - INFO - train x_hat mean: 0.004612, x mean: 0.016099
2026-07-14 15:37:22,512 - training - INFO - train x_hat mean: 0.003450, x mean: 0.009674
2026-07-14 15:37:22,522 - training - INFO - train x_hat mean: -0.005710, x mean: 0.000852
2026-07-14 15:37:22,532 - training - INFO - train x_hat mean: -0.004719, x mean: 0.009213
2026-07-14 15:37:22,542 - training - INFO - train x_hat mean: -0.009850, x mean: -0.004040
2026-07-14 15:37:22,553 - training - INFO - train x_hat mean: -0.007457, x mean: 0.002118
2026-07-14 15:37:22,564 - training - INFO - train x_hat mean: 0.013845, x mean: 0.021977
2026-07-14 15:37:22,574 - training - INFO - train x_hat mean: -0.007363, x mean: -0.003622
2026-07-14 15:37:22,584 - training - INFO - train x_hat mean: 0.007091, x mean: 0.029439
2026-07-14 15:37:22,595 - training - INFO - train x_hat mean: 0.011394, x mean: 0.023208
2026-07-14 15:37:22,604 - training - INFO - train x_hat mean: 0.003832, x mean: 0.011682
2026-07-14 15:37:22,615 - training - INFO - train x_hat mean: -0.001968, x mean: 0.010111
2026-07-14 15:37:22,624 - training - INFO - train x_hat mean: 0.011955, x mean: 0.017445
2026-07-14 15:37:22,635 - training - INFO - train x_hat mean: 0.007052, x mean: 0.014535
2026-07-14 15:37:22,645 - training - INFO - train x_hat mean: -0.011612, x mean: -0.002929
2026-07-14 15:37:22,654 - training - INFO - train x_hat mean: 0.004209, x mean: 0.003580
2026-07-14 15:37:22,664 - training - INFO - train x_hat mean: -0.025864, x mean: -0.017639
2026-07-14 15:37:22,673 - training - INFO - train x_hat mean: -0.006108, x mean: 0.005430
2026-07-14 15:37:22,683 - training - INFO - train x_hat mean: -0.000140, x mean: 0.005334
2026-07-14 15:37:22,692 - training - INFO - train x_hat mean: -0.002396, x mean: -0.001680
2026-07-14 15:37:22,702 - training - INFO - train x_hat mean: -0.023495, x mean: -0.016839
2026-07-14 15:37:22,711 - training - INFO - train x_hat mean: -0.010778, x mean: -0.006483
2026-07-14 15:37:22,720 - training - INFO - train x_hat mean: -0.017239, x mean: -0.015005
2026-07-14 15:37:22,730 - training - INFO - train x_hat mean: -0.000204, x mean: 0.003033
2026-07-14 15:37:22,739 - training - INFO - train x_hat mean: -0.025716, x mean: -0.025235
2026-07-14 15:37:22,749 - training - INFO - train x_hat mean: -0.001816, x mean: 0.006293
2026-07-14 15:37:22,759 - training - INFO - train x_hat mean: -0.002204, x mean: -0.001755
2026-07-14 15:37:22,770 - training - INFO - train x_hat mean: -0.017030, x mean: -0.009906
2026-07-14 15:37:22,780 - training - INFO - train x_hat mean: 0.003867, x mean: 0.010326
2026-07-14 15:37:22,790 - training - INFO - train x_hat mean: -0.033592, x mean: -0.028000
2026-07-14 15:37:22,799 - training - INFO - train x_hat mean: -0.007133, x mean: 0.012893
2026-07-14 15:37:22,809 - training - INFO - train x_hat mean: 0.016644, x mean: 0.025895
2026-07-14 15:37:22,819 - training - INFO - train x_hat mean: 0.007757, x mean: 0.014338
2026-07-14 15:37:22,829 - training - INFO - train x_hat mean: -0.017598, x mean: -0.009330
2026-07-14 15:37:22,839 - training - INFO - train x_hat mean: -0.017839, x mean: -0.010125
2026-07-14 15:37:22,849 - training - INFO - train x_hat mean: 0.006923, x mean: 0.016748
2026-07-14 15:37:22,859 - training - INFO - train x_hat mean: 0.003105, x mean: 0.007591
2026-07-14 15:37:22,869 - training - INFO - train x_hat mean: 0.007256, x mean: 0.008223
2026-07-14 15:37:22,878 - training - INFO - train x_hat mean: 0.009399, x mean: 0.015369
2026-07-14 15:37:22,888 - training - INFO - train x_hat mean: 0.007753, x mean: 0.015528
2026-07-14 15:37:22,899 - training - INFO - train x_hat mean: 0.010178, x mean: 0.013259
2026-07-14 15:37:22,908 - training - INFO - train x_hat mean: -0.015093, x mean: 0.001761
2026-07-14 15:37:22,919 - training - INFO - train x_hat mean: -0.010271, x mean: -0.007338
2026-07-14 15:37:22,930 - training - INFO - train x_hat mean: -0.024799, x mean: -0.021438
2026-07-14 15:37:22,940 - training - INFO - train x_hat mean: -0.000412, x mean: 0.008998
2026-07-14 15:37:22,950 - training - INFO - train x_hat mean: -0.023975, x mean: -0.022028
2026-07-14 15:37:22,960 - training - INFO - train x_hat mean: -0.016679, x mean: -0.012654
2026-07-14 15:37:22,970 - training - INFO - train x_hat mean: 0.002571, x mean: 0.010087
2026-07-14 15:37:22,979 - training - INFO - train x_hat mean: -0.023610, x mean: -0.021289
2026-07-14 15:37:22,989 - training - INFO - train x_hat mean: -0.017823, x mean: -0.014231
2026-07-14 15:37:22,999 - training - INFO - train x_hat mean: -0.021849, x mean: -0.023893
2026-07-14 15:37:23,008 - training - INFO - train x_hat mean: -0.014829, x mean: -0.010976
2026-07-14 15:37:23,018 - training - INFO - train x_hat mean: 0.013205, x mean: 0.013669
2026-07-14 15:37:23,027 - training - INFO - train x_hat mean: 0.001320, x mean: 0.005576
2026-07-14 15:37:23,037 - training - INFO - train x_hat mean: -0.004113, x mean: -0.004488
2026-07-14 15:37:23,047 - training - INFO - train x_hat mean: -0.014197, x mean: -0.013062
2026-07-14 15:37:23,057 - training - INFO - train x_hat mean: -0.011785, x mean: -0.010962
2026-07-14 15:37:23,067 - training - INFO - train x_hat mean: 0.001637, x mean: 0.007902
2026-07-14 15:37:23,077 - training - INFO - train x_hat mean: 0.007342, x mean: 0.014299
2026-07-14 15:37:23,087 - training - INFO - train x_hat mean: -0.012421, x mean: -0.006902
2026-07-14 15:37:23,098 - training - INFO - train x_hat mean: -0.007763, x mean: -0.003994
2026-07-14 15:37:23,107 - training - INFO - train x_hat mean: -0.021744, x mean: -0.016597
2026-07-14 15:37:23,117 - training - INFO - train x_hat mean: -0.004519, x mean: 0.002117
2026-07-14 15:37:23,127 - training - INFO - train x_hat mean: 0.008357, x mean: 0.024215
2026-07-14 15:37:23,137 - training - INFO - train x_hat mean: 0.018455, x mean: 0.033715
2026-07-14 15:37:23,148 - training - INFO - train x_hat mean: -0.061884, x mean: -0.063517
2026-07-14 15:37:23,157 - training - INFO - train x_hat mean: -0.005774, x mean: -0.001569
2026-07-14 15:37:23,167 - training - INFO - train x_hat mean: -0.038256, x mean: -0.030618
2026-07-14 15:37:23,177 - training - INFO - train x_hat mean: -0.014680, x mean: -0.012683
2026-07-14 15:37:23,187 - training - INFO - train x_hat mean: -0.024933, x mean: -0.023414
2026-07-14 15:37:23,196 - training - INFO - train x_hat mean: 0.008817, x mean: 0.017344
2026-07-14 15:37:23,206 - training - INFO - train x_hat mean: 0.003607, x mean: 0.011535
2026-07-14 15:37:23,217 - training - INFO - train x_hat mean: 0.003694, x mean: 0.009374
2026-07-14 15:37:23,227 - training - INFO - train x_hat mean: -0.027514, x mean: -0.024914
2026-07-14 15:37:23,237 - training - INFO - train x_hat mean: -0.029972, x mean: -0.017395
2026-07-14 15:37:23,246 - training - INFO - train x_hat mean: -0.010384, x mean: -0.003310
2026-07-14 15:37:23,256 - training - INFO - train x_hat mean: -0.004215, x mean: 0.003854
2026-07-14 15:37:23,267 - training - INFO - train x_hat mean: -0.009619, x mean: -0.003527
2026-07-14 15:37:23,276 - training - INFO - train x_hat mean: -0.007655, x mean: -0.000343
2026-07-14 15:37:23,286 - training - INFO - train x_hat mean: -0.007453, x mean: -0.003486
2026-07-14 15:37:23,296 - training - INFO - train x_hat mean: 0.005066, x mean: 0.009117
2026-07-14 15:37:23,305 - training - INFO - train x_hat mean: 0.002544, x mean: 0.010381
2026-07-14 15:37:23,315 - training - INFO - train x_hat mean: -0.002495, x mean: 0.006965
2026-07-14 15:37:23,325 - training - INFO - train x_hat mean: -0.004919, x mean: 0.003220
2026-07-14 15:37:23,335 - training - INFO - train x_hat mean: -0.000927, x mean: 0.003522
2026-07-14 15:37:23,345 - training - INFO - train x_hat mean: 0.003337, x mean: 0.011278
2026-07-14 15:37:23,354 - training - INFO - train x_hat mean: -0.009571, x mean: -0.004188
2026-07-14 15:37:23,363 - training - INFO - train x_hat mean: -0.063179, x mean: -0.059882
2026-07-14 15:37:23,373 - training - INFO - train x_hat mean: -0.021753, x mean: -0.015517
2026-07-14 15:37:23,382 - training - INFO - train x_hat mean: -0.015236, x mean: -0.006738
2026-07-14 15:37:23,392 - training - INFO - train x_hat mean: 0.004269, x mean: 0.020219
2026-07-14 15:37:23,401 - training - INFO - train x_hat mean: 0.003497, x mean: 0.009718
2026-07-14 15:37:23,411 - training - INFO - train x_hat mean: -0.011007, x mean: -0.003640
2026-07-14 15:37:23,420 - training - INFO - train x_hat mean: -0.023164, x mean: -0.017868
2026-07-14 15:37:23,429 - training - INFO - train x_hat mean: -0.016466, x mean: 0.018638
2026-07-14 15:37:23,439 - training - INFO - train x_hat mean: -0.013293, x mean: -0.003799
2026-07-14 15:37:23,448 - training - INFO - train x_hat mean: -0.006527, x mean: 0.002175
2026-07-14 15:37:23,457 - training - INFO - train x_hat mean: -0.012020, x mean: -0.005573
2026-07-14 15:37:23,467 - training - INFO - train x_hat mean: -0.011891, x mean: -0.004832
2026-07-14 15:37:23,476 - training - INFO - train x_hat mean: -0.023186, x mean: -0.016133
2026-07-14 15:37:23,485 - training - INFO - train x_hat mean: -0.046332, x mean: -0.039965
2026-07-14 15:37:23,494 - training - INFO - train x_hat mean: -0.000699, x mean: 0.002770
2026-07-14 15:37:23,504 - training - INFO - train x_hat mean: 0.000431, x mean: 0.007183
2026-07-14 15:37:23,514 - training - INFO - train x_hat mean: 0.004095, x mean: 0.014999
2026-07-14 15:37:23,524 - training - INFO - train x_hat mean: -0.001009, x mean: 0.004252
2026-07-14 15:37:23,534 - training - INFO - train x_hat mean: -0.022321, x mean: -0.019539
2026-07-14 15:37:23,543 - training - INFO - train x_hat mean: -0.016683, x mean: -0.011068
2026-07-14 15:37:23,553 - training - INFO - train x_hat mean: -0.019750, x mean: -0.017962
2026-07-14 15:37:23,563 - training - INFO - train x_hat mean: -0.006100, x mean: -0.003072
2026-07-14 15:37:23,572 - training - INFO - train x_hat mean: -0.026989, x mean: -0.017857
2026-07-14 15:37:23,583 - training - INFO - train x_hat mean: -0.000854, x mean: 0.005419
2026-07-14 15:37:23,593 - training - INFO - train x_hat mean: -0.003181, x mean: 0.000386
2026-07-14 15:37:23,603 - training - INFO - train x_hat mean: 0.014876, x mean: 0.020657
2026-07-14 15:37:23,613 - training - INFO - train x_hat mean: -0.000773, x mean: 0.008932
2026-07-14 15:37:23,623 - training - INFO - train x_hat mean: 0.006545, x mean: 0.013700
2026-07-14 15:37:23,633 - training - INFO - train x_hat mean: -0.007070, x mean: -0.002839
2026-07-14 15:37:23,643 - training - INFO - train x_hat mean: 0.007137, x mean: 0.010036
2026-07-14 15:37:23,653 - training - INFO - train x_hat mean: -0.012340, x mean: -0.010068
2026-07-14 15:37:23,663 - training - INFO - train x_hat mean: 0.009013, x mean: 0.012975
2026-07-14 15:37:23,673 - training - INFO - train x_hat mean: -0.023582, x mean: -0.019670
2026-07-14 15:37:23,682 - training - INFO - train x_hat mean: -0.032501, x mean: -0.024609
2026-07-14 15:37:23,692 - training - INFO - train x_hat mean: -0.049765, x mean: -0.044140
2026-07-14 15:37:23,702 - training - INFO - train x_hat mean: -0.002165, x mean: 0.005921
2026-07-14 15:37:23,712 - training - INFO - train x_hat mean: -0.031883, x mean: -0.027570
2026-07-14 15:37:23,722 - training - INFO - train x_hat mean: -0.003587, x mean: 0.004251
2026-07-14 15:37:23,732 - training - INFO - train x_hat mean: -0.013589, x mean: -0.009092
2026-07-14 15:37:23,742 - training - INFO - train x_hat mean: -0.007006, x mean: 0.017633
2026-07-14 15:37:23,751 - training - INFO - train x_hat mean: 0.008719, x mean: 0.017344
2026-07-14 15:37:23,761 - training - INFO - train x_hat mean: 0.024544, x mean: 0.046751
2026-07-14 15:37:23,771 - training - INFO - train x_hat mean: -0.023849, x mean: -0.016286
2026-07-14 15:37:23,781 - training - INFO - train x_hat mean: 0.006635, x mean: 0.014645
2026-07-14 15:37:23,791 - training - INFO - train x_hat mean: 0.013937, x mean: 0.021629
2026-07-14 15:37:23,801 - training - INFO - train x_hat mean: -0.003279, x mean: 0.001753
2026-07-14 15:37:23,812 - training - INFO - train x_hat mean: -0.021522, x mean: -0.010824
2026-07-14 15:37:23,822 - training - INFO - train x_hat mean: 0.005566, x mean: 0.009150
2026-07-14 15:37:23,832 - training - INFO - train x_hat mean: -0.009147, x mean: -0.002324
2026-07-14 15:37:23,842 - training - INFO - train x_hat mean: 0.007307, x mean: 0.016122
2026-07-14 15:37:23,852 - training - INFO - train x_hat mean: -0.001165, x mean: 0.005703
2026-07-14 15:37:23,861 - training - INFO - train x_hat mean: 0.008972, x mean: 0.013442
2026-07-14 15:37:23,871 - training - INFO - train x_hat mean: -0.006380, x mean: -0.004349
2026-07-14 15:37:23,881 - training - INFO - train x_hat mean: -0.048976, x mean: -0.045199
2026-07-14 15:37:23,890 - training - INFO - train x_hat mean: -0.002957, x mean: -0.000563
2026-07-14 15:37:23,900 - training - INFO - train x_hat mean: -0.017905, x mean: -0.014344
2026-07-14 15:37:23,910 - training - INFO - train x_hat mean: -0.033350, x mean: -0.028653
2026-07-14 15:37:23,919 - training - INFO - train x_hat mean: -0.001626, x mean: 0.005155
2026-07-14 15:37:23,929 - training - INFO - train x_hat mean: -0.005984, x mean: -0.004286
2026-07-14 15:37:23,938 - training - INFO - train x_hat mean: -0.008706, x mean: 0.000294
2026-07-14 15:37:23,949 - training - INFO - train x_hat mean: -0.022156, x mean: -0.017291
2026-07-14 15:37:23,958 - training - INFO - train x_hat mean: 0.007895, x mean: 0.014527
2026-07-14 15:37:23,967 - training - INFO - train x_hat mean: 0.015987, x mean: 0.018686
2026-07-14 15:37:23,977 - training - INFO - train x_hat mean: 0.011085, x mean: 0.012868
2026-07-14 15:37:23,987 - training - INFO - train x_hat mean: -0.002765, x mean: 0.000914
2026-07-14 15:37:23,997 - training - INFO - train x_hat mean: -0.016391, x mean: -0.010157
2026-07-14 15:37:24,006 - training - INFO - train x_hat mean: -0.019537, x mean: -0.011021
2026-07-14 15:37:24,016 - training - INFO - train x_hat mean: 0.000448, x mean: 0.005609
2026-07-14 15:37:24,026 - training - INFO - train x_hat mean: -0.010535, x mean: -0.008626
2026-07-14 15:37:24,036 - training - INFO - train x_hat mean: -0.005201, x mean: -0.000908
2026-07-14 15:37:24,046 - training - INFO - train x_hat mean: -0.011554, x mean: -0.002610
2026-07-14 15:37:24,056 - training - INFO - train x_hat mean: -0.001629, x mean: 0.012410
2026-07-14 15:37:24,066 - training - INFO - train x_hat mean: -0.001244, x mean: 0.007549
2026-07-14 15:37:24,077 - training - INFO - train x_hat mean: 0.004340, x mean: 0.020471
2026-07-14 15:37:24,086 - training - INFO - train x_hat mean: 0.002933, x mean: 0.008618
2026-07-14 15:37:24,096 - training - INFO - train x_hat mean: 0.013299, x mean: 0.021460
2026-07-14 15:37:24,107 - training - INFO - train x_hat mean: -0.006281, x mean: -0.005306
2026-07-14 15:37:24,118 - training - INFO - train x_hat mean: 0.006687, x mean: 0.016082
2026-07-14 15:37:24,127 - training - INFO - train x_hat mean: -0.005743, x mean: -0.001848
2026-07-14 15:37:24,137 - training - INFO - train x_hat mean: 0.002717, x mean: 0.010925
2026-07-14 15:37:24,147 - training - INFO - train x_hat mean: 0.002930, x mean: 0.005977
2026-07-14 15:37:24,156 - training - INFO - train x_hat mean: -0.021247, x mean: -0.019068
2026-07-14 15:37:24,167 - training - INFO - train x_hat mean: 0.001916, x mean: 0.009636
2026-07-14 15:37:24,176 - training - INFO - train x_hat mean: -0.019206, x mean: -0.015919
2026-07-14 15:37:24,186 - training - INFO - train x_hat mean: -0.008432, x mean: -0.007015
2026-07-14 15:37:24,196 - training - INFO - train x_hat mean: -0.007137, x mean: 0.001484
2026-07-14 15:37:24,205 - training - INFO - train x_hat mean: 0.019156, x mean: 0.028539
2026-07-14 15:37:24,215 - training - INFO - train x_hat mean: -0.024140, x mean: -0.019341
2026-07-14 15:37:24,225 - training - INFO - train x_hat mean: -0.016715, x mean: -0.011868
2026-07-14 15:37:24,236 - training - INFO - train x_hat mean: -0.011898, x mean: -0.006492
2026-07-14 15:37:24,247 - training - INFO - train x_hat mean: 0.008882, x mean: 0.011883
2026-07-14 15:37:24,257 - training - INFO - train x_hat mean: 0.002800, x mean: 0.008803
2026-07-14 15:37:24,267 - training - INFO - train x_hat mean: -0.008909, x mean: -0.005936
2026-07-14 15:37:24,276 - training - INFO - train x_hat mean: -0.039368, x mean: -0.039998
2026-07-14 15:37:24,286 - training - INFO - train x_hat mean: -0.002881, x mean: 0.003303
2026-07-14 15:37:24,296 - training - INFO - train x_hat mean: -0.024139, x mean: -0.017650
2026-07-14 15:37:24,305 - training - INFO - train x_hat mean: 0.009751, x mean: 0.014029
2026-07-14 15:37:24,315 - training - INFO - train x_hat mean: 0.015903, x mean: 0.023103
2026-07-14 15:37:24,325 - training - INFO - train x_hat mean: -0.001749, x mean: 0.003510
2026-07-14 15:37:24,335 - training - INFO - train x_hat mean: 0.006978, x mean: 0.013710
2026-07-14 15:37:24,345 - training - INFO - train x_hat mean: 0.003408, x mean: 0.011408
2026-07-14 15:37:24,354 - training - INFO - train x_hat mean: 0.012568, x mean: 0.023357
2026-07-14 15:37:24,365 - training - INFO - train x_hat mean: -0.015821, x mean: -0.003778
2026-07-14 15:37:24,374 - training - INFO - train x_hat mean: 0.003076, x mean: 0.004487
2026-07-14 15:37:24,385 - training - INFO - train x_hat mean: -0.008606, x mean: -0.003321
2026-07-14 15:37:24,396 - training - INFO - train x_hat mean: 0.020030, x mean: 0.031717
2026-07-14 15:37:24,406 - training - INFO - train x_hat mean: -0.015724, x mean: -0.011138
2026-07-14 15:37:24,416 - training - INFO - train x_hat mean: -0.008403, x mean: -0.002824
2026-07-14 15:37:24,426 - training - INFO - train x_hat mean: -0.013302, x mean: -0.011441
2026-07-14 15:37:24,436 - training - INFO - train x_hat mean: -0.005032, x mean: -0.002455
2026-07-14 15:37:24,446 - training - INFO - train x_hat mean: -0.004024, x mean: 0.002800
2026-07-14 15:37:24,456 - training - INFO - train x_hat mean: -0.011924, x mean: -0.004984
2026-07-14 15:37:24,465 - training - INFO - train x_hat mean: -0.032601, x mean: -0.024577
2026-07-14 15:37:24,475 - training - INFO - train x_hat mean: -0.018136, x mean: -0.017240
2026-07-14 15:37:24,485 - training - INFO - train x_hat mean: 0.005493, x mean: 0.032407
2026-07-14 15:37:24,495 - training - INFO - train x_hat mean: 0.001366, x mean: 0.007598
2026-07-14 15:37:24,504 - training - INFO - train x_hat mean: -0.018379, x mean: -0.015262
2026-07-14 15:37:24,514 - training - INFO - train x_hat mean: -0.008740, x mean: -0.001592
2026-07-14 15:37:24,523 - training - INFO - train x_hat mean: -0.008147, x mean: -0.004136
2026-07-14 15:37:24,532 - training - INFO - train x_hat mean: 0.001486, x mean: 0.006708
2026-07-14 15:37:24,542 - training - INFO - train x_hat mean: 0.001192, x mean: 0.007936
2026-07-14 15:37:24,552 - training - INFO - train x_hat mean: 0.021242, x mean: 0.025519
2026-07-14 15:37:24,561 - training - INFO - train x_hat mean: -0.021295, x mean: -0.012463
2026-07-14 15:37:24,571 - training - INFO - train x_hat mean: -0.014192, x mean: -0.009342
2026-07-14 15:37:24,580 - training - INFO - train x_hat mean: -0.005398, x mean: -0.002793
2026-07-14 15:37:24,590 - training - INFO - train x_hat mean: 0.012626, x mean: 0.018409
2026-07-14 15:37:24,600 - training - INFO - train x_hat mean: -0.025808, x mean: -0.025482
2026-07-14 15:37:24,609 - training - INFO - train x_hat mean: 0.000989, x mean: 0.005640
2026-07-14 15:37:24,619 - training - INFO - train x_hat mean: -0.015904, x mean: -0.009864
2026-07-14 15:37:24,628 - training - INFO - train x_hat mean: -0.012213, x mean: -0.006216
2026-07-14 15:37:24,638 - training - INFO - train x_hat mean: -0.038748, x mean: -0.033610
2026-07-14 15:37:24,648 - training - INFO - train x_hat mean: -0.008825, x mean: -0.002515
2026-07-14 15:37:24,657 - training - INFO - train x_hat mean: -0.026272, x mean: -0.020460
2026-07-14 15:37:24,668 - training - INFO - train x_hat mean: 0.004398, x mean: 0.012498
2026-07-14 15:37:24,678 - training - INFO - train x_hat mean: -0.021005, x mean: -0.015202
2026-07-14 15:37:24,687 - training - INFO - train x_hat mean: 0.000373, x mean: 0.002804
2026-07-14 15:37:24,697 - training - INFO - train x_hat mean: -0.021519, x mean: -0.015620
2026-07-14 15:37:24,707 - training - INFO - train x_hat mean: 0.003905, x mean: 0.010376
2026-07-14 15:37:24,717 - training - INFO - train x_hat mean: 0.002471, x mean: 0.007896
2026-07-14 15:37:24,727 - training - INFO - train x_hat mean: 0.018653, x mean: 0.031013
2026-07-14 15:37:24,736 - training - INFO - train x_hat mean: -0.009352, x mean: -0.001038
2026-07-14 15:37:24,746 - training - INFO - train x_hat mean: 0.010718, x mean: 0.017513
2026-07-14 15:37:24,756 - training - INFO - train x_hat mean: -0.014150, x mean: -0.005465
2026-07-14 15:37:24,766 - training - INFO - train x_hat mean: -0.012875, x mean: -0.008684
2026-07-14 15:37:24,775 - training - INFO - train x_hat mean: 0.003148, x mean: 0.012163
2026-07-14 15:37:24,786 - training - INFO - train x_hat mean: -0.006925, x mean: -0.003942
2026-07-14 15:37:24,796 - training - INFO - train x_hat mean: 0.000383, x mean: 0.005523
2026-07-14 15:37:24,806 - training - INFO - train x_hat mean: -0.038259, x mean: -0.037344
2026-07-14 15:37:24,816 - training - INFO - train x_hat mean: -0.016245, x mean: -0.009016
2026-07-14 15:37:24,826 - training - INFO - train x_hat mean: 0.006861, x mean: 0.010147
2026-07-14 15:37:24,836 - training - INFO - train x_hat mean: 0.000690, x mean: 0.008256
2026-07-14 15:37:24,846 - training - INFO - train x_hat mean: -0.025115, x mean: -0.019649
2026-07-14 15:37:24,855 - training - INFO - train x_hat mean: 0.016350, x mean: 0.021524
2026-07-14 15:37:24,865 - training - INFO - train x_hat mean: -0.026696, x mean: -0.019332
2026-07-14 15:37:24,875 - training - INFO - train x_hat mean: 0.007388, x mean: 0.018638
2026-07-14 15:37:24,885 - training - INFO - train x_hat mean: 0.010110, x mean: 0.016181
2026-07-14 15:37:24,894 - training - INFO - train x_hat mean: -0.004030, x mean: 0.001210
2026-07-14 15:37:24,904 - training - INFO - train x_hat mean: -0.023373, x mean: -0.016672
2026-07-14 15:37:24,915 - training - INFO - train x_hat mean: 0.000622, x mean: 0.007965
2026-07-14 15:37:24,924 - training - INFO - train x_hat mean: -0.000257, x mean: 0.010820
2026-07-14 15:37:24,935 - training - INFO - train x_hat mean: -0.007462, x mean: 0.000338
2026-07-14 15:37:24,946 - training - INFO - train x_hat mean: 0.008089, x mean: 0.022199
2026-07-14 15:37:24,956 - training - INFO - train x_hat mean: -0.017010, x mean: -0.012202
2026-07-14 15:37:24,966 - training - INFO - train x_hat mean: -0.012188, x mean: -0.001968
2026-07-14 15:37:24,976 - training - INFO - train x_hat mean: -0.008866, x mean: -0.000572
2026-07-14 15:37:24,986 - training - INFO - train x_hat mean: -0.007120, x mean: -0.000891
2026-07-14 15:37:24,995 - training - INFO - train x_hat mean: 0.001546, x mean: 0.004845
2026-07-14 15:37:25,004 - training - INFO - train x_hat mean: -0.001036, x mean: 0.006379
2026-07-14 15:37:25,014 - training - INFO - train x_hat mean: -0.019372, x mean: -0.016423
2026-07-14 15:37:25,024 - training - INFO - train x_hat mean: -0.007360, x mean: -0.005074
2026-07-14 15:37:25,034 - training - INFO - train x_hat mean: -0.044953, x mean: -0.043641
2026-07-14 15:37:25,043 - training - INFO - train x_hat mean: 0.007841, x mean: 0.012219
2026-07-14 15:37:25,053 - training - INFO - train x_hat mean: -0.007059, x mean: -0.003714
2026-07-14 15:37:25,063 - training - INFO - train x_hat mean: -0.021333, x mean: -0.013488
2026-07-14 15:37:25,072 - training - INFO - train x_hat mean: 0.021190, x mean: 0.025242
2026-07-14 15:37:25,081 - training - INFO - train x_hat mean: -0.009152, x mean: -0.003823
2026-07-14 15:37:25,091 - training - INFO - train x_hat mean: 0.002220, x mean: 0.008349
2026-07-14 15:37:25,101 - training - INFO - train x_hat mean: -0.029396, x mean: -0.028411
2026-07-14 15:37:25,111 - training - INFO - train x_hat mean: -0.013268, x mean: -0.003953
2026-07-14 15:37:25,121 - training - INFO - train x_hat mean: -0.027743, x mean: -0.019828
2026-07-14 15:37:25,131 - training - INFO - train x_hat mean: -0.007937, x mean: 0.001803
2026-07-14 15:37:25,142 - training - INFO - train x_hat mean: 0.000767, x mean: 0.010118
2026-07-14 15:37:25,153 - training - INFO - train x_hat mean: 0.004132, x mean: 0.010695
2026-07-14 15:37:25,163 - training - INFO - train x_hat mean: -0.003716, x mean: 0.001069
2026-07-14 15:37:25,173 - training - INFO - train x_hat mean: -0.000128, x mean: 0.008276
2026-07-14 15:37:25,184 - training - INFO - train x_hat mean: -0.012752, x mean: -0.005751
2026-07-14 15:37:25,193 - training - INFO - train x_hat mean: -0.003609, x mean: 0.005398
2026-07-14 15:37:25,203 - training - INFO - train x_hat mean: -0.009683, x mean: -0.005831
2026-07-14 15:37:25,213 - training - INFO - train x_hat mean: -0.045260, x mean: -0.039605
2026-07-14 15:37:25,222 - training - INFO - train x_hat mean: -0.013941, x mean: -0.007051
2026-07-14 15:37:25,232 - training - INFO - train x_hat mean: 0.027125, x mean: 0.039723
2026-07-14 15:37:25,242 - training - INFO - train x_hat mean: -0.014756, x mean: -0.009217
2026-07-14 15:37:25,252 - training - INFO - train x_hat mean: -0.019207, x mean: -0.013439
2026-07-14 15:37:25,262 - training - INFO - train x_hat mean: 0.002299, x mean: 0.016895
2026-07-14 15:37:25,271 - training - INFO - train x_hat mean: -0.001482, x mean: 0.005928
2026-07-14 15:37:25,281 - training - INFO - train x_hat mean: -0.033348, x mean: -0.024140
2026-07-14 15:37:25,292 - training - INFO - train x_hat mean: 0.000282, x mean: 0.007557
2026-07-14 15:37:25,302 - training - INFO - train x_hat mean: -0.018296, x mean: -0.011021
2026-07-14 15:37:25,311 - training - INFO - train x_hat mean: -0.032836, x mean: -0.022462
2026-07-14 15:37:25,321 - training - INFO - train x_hat mean: -0.002423, x mean: 0.002065
2026-07-14 15:37:25,331 - training - INFO - train x_hat mean: -0.010289, x mean: -0.005267
2026-07-14 15:37:25,340 - training - INFO - train x_hat mean: 0.013187, x mean: 0.021766
2026-07-14 15:37:25,350 - training - INFO - train x_hat mean: -0.022650, x mean: -0.021147
2026-07-14 15:37:25,359 - training - INFO - train x_hat mean: -0.006866, x mean: -0.001239
2026-07-14 15:37:25,369 - training - INFO - train x_hat mean: -0.001203, x mean: 0.000213
2026-07-14 15:37:25,379 - training - INFO - train x_hat mean: 0.014113, x mean: 0.018285
2026-07-14 15:37:25,388 - training - INFO - train x_hat mean: -0.022298, x mean: -0.015120
2026-07-14 15:37:25,398 - training - INFO - train x_hat mean: -0.022850, x mean: -0.016256
2026-07-14 15:37:25,407 - training - INFO - train x_hat mean: -0.037464, x mean: -0.030051
2026-07-14 15:37:25,418 - training - INFO - train x_hat mean: 0.007364, x mean: 0.013970
2026-07-14 15:37:25,429 - training - INFO - train x_hat mean: -0.011047, x mean: -0.004926
2026-07-14 15:37:25,439 - training - INFO - train x_hat mean: 0.006499, x mean: 0.011965
2026-07-14 15:37:25,449 - training - INFO - train x_hat mean: -0.004041, x mean: 0.002101
2026-07-14 15:37:25,458 - training - INFO - train x_hat mean: -0.031600, x mean: -0.021827
2026-07-14 15:37:25,468 - training - INFO - train x_hat mean: -0.006009, x mean: 0.000054
2026-07-14 15:37:25,479 - training - INFO - train x_hat mean: -0.035827, x mean: -0.031383
2026-07-14 15:37:25,489 - training - INFO - train x_hat mean: -0.008217, x mean: -0.003961
2026-07-14 15:37:25,499 - training - INFO - train x_hat mean: 0.011947, x mean: 0.015628
2026-07-14 15:37:25,509 - training - INFO - train x_hat mean: 0.017266, x mean: 0.024670
2026-07-14 15:37:25,519 - training - INFO - train x_hat mean: -0.011149, x mean: -0.004984
2026-07-14 15:37:25,529 - training - INFO - train x_hat mean: -0.022893, x mean: -0.015589
2026-07-14 15:37:25,539 - training - INFO - train x_hat mean: -0.009006, x mean: -0.003073
2026-07-14 15:37:25,549 - training - INFO - train x_hat mean: 0.004379, x mean: 0.011874
2026-07-14 15:37:25,559 - training - INFO - train x_hat mean: -0.003428, x mean: 0.004214
2026-07-14 15:37:25,572 - training - INFO - train x_hat mean: -0.019615, x mean: -0.008223
2026-07-14 15:37:25,581 - training - INFO - train x_hat mean: -0.033214, x mean: -0.029971
2026-07-14 15:37:25,591 - training - INFO - train x_hat mean: -0.000798, x mean: 0.012335
2026-07-14 15:37:25,601 - training - INFO - train x_hat mean: -0.062163, x mean: -0.059412
2026-07-14 15:37:25,611 - training - INFO - train x_hat mean: 0.004298, x mean: 0.006102
2026-07-14 15:37:25,621 - training - INFO - train x_hat mean: -0.012892, x mean: -0.003634
2026-07-14 15:37:25,631 - training - INFO - train x_hat mean: -0.030082, x mean: -0.022982
2026-07-14 15:37:25,641 - training - INFO - train x_hat mean: 0.000128, x mean: 0.014146
2026-07-14 15:37:25,650 - training - INFO - train x_hat mean: 0.000877, x mean: 0.007149
2026-07-14 15:37:25,660 - training - INFO - train x_hat mean: -0.000843, x mean: 0.004265
2026-07-14 15:37:25,670 - training - INFO - train x_hat mean: -0.026626, x mean: -0.021797
2026-07-14 15:37:25,680 - training - INFO - train x_hat mean: -0.023476, x mean: -0.015311
2026-07-14 15:37:25,690 - training - INFO - train x_hat mean: -0.001196, x mean: 0.006658
2026-07-14 15:37:25,700 - training - INFO - train x_hat mean: -0.009181, x mean: 0.000116
2026-07-14 15:37:25,709 - training - INFO - train x_hat mean: -0.006829, x mean: -0.000984
2026-07-14 15:37:25,719 - training - INFO - train x_hat mean: -0.000452, x mean: 0.004303
2026-07-14 15:37:25,729 - training - INFO - train x_hat mean: -0.036685, x mean: -0.028981
2026-07-14 15:37:25,738 - training - INFO - train x_hat mean: -0.015744, x mean: -0.009569
2026-07-14 15:37:25,748 - training - INFO - train x_hat mean: 0.005968, x mean: 0.012219
2026-07-14 15:37:25,758 - training - INFO - train x_hat mean: -0.026818, x mean: -0.023982
2026-07-14 15:37:25,768 - training - INFO - train x_hat mean: -0.004426, x mean: 0.011683
2026-07-14 15:37:25,778 - training - INFO - train x_hat mean: -0.003896, x mean: 0.006786
2026-07-14 15:37:25,788 - training - INFO - train x_hat mean: -0.004863, x mean: -0.000221
2026-07-14 15:37:25,798 - training - INFO - train x_hat mean: 0.005962, x mean: 0.016130
2026-07-14 15:37:25,809 - training - INFO - train x_hat mean: 0.015742, x mean: 0.026130
2026-07-14 15:37:25,819 - training - INFO - train x_hat mean: -0.023770, x mean: -0.014482
2026-07-14 15:37:25,830 - training - INFO - train x_hat mean: 0.000345, x mean: 0.012508
2026-07-14 15:37:25,839 - training - INFO - train x_hat mean: 0.023504, x mean: 0.029590
2026-07-14 15:37:25,849 - training - INFO - train x_hat mean: -0.006420, x mean: -0.000834
2026-07-14 15:37:25,859 - training - INFO - train x_hat mean: -0.013642, x mean: -0.007772
2026-07-14 15:37:25,869 - training - INFO - train x_hat mean: -0.002700, x mean: 0.007939
2026-07-14 15:37:25,879 - training - INFO - train x_hat mean: -0.004821, x mean: 0.005042
2026-07-14 15:37:25,888 - training - INFO - train x_hat mean: -0.006113, x mean: 0.003907
2026-07-14 15:37:25,899 - training - INFO - train x_hat mean: -0.015822, x mean: -0.011388
2026-07-14 15:37:25,910 - training - INFO - train x_hat mean: -0.011189, x mean: -0.004403
2026-07-14 15:37:25,920 - training - INFO - train x_hat mean: -0.014137, x mean: -0.011530
2026-07-14 15:37:25,931 - training - INFO - train x_hat mean: -0.032640, x mean: -0.023613
2026-07-14 15:37:25,941 - training - INFO - train x_hat mean: -0.017899, x mean: -0.012956
2026-07-14 15:37:25,952 - training - INFO - train x_hat mean: 0.001206, x mean: 0.009624
2026-07-14 15:37:25,961 - training - INFO - train x_hat mean: -0.001569, x mean: 0.006059
2026-07-14 15:37:25,971 - training - INFO - train x_hat mean: -0.010800, x mean: -0.005030
2026-07-14 15:37:25,981 - training - INFO - train x_hat mean: 0.003609, x mean: 0.014697
2026-07-14 15:37:25,992 - training - INFO - train x_hat mean: -0.034626, x mean: -0.030636
2026-07-14 15:37:26,001 - training - INFO - train x_hat mean: -0.013871, x mean: -0.005747
2026-07-14 15:37:26,011 - training - INFO - train x_hat mean: 0.009481, x mean: 0.016660
2026-07-14 15:37:26,021 - training - INFO - train x_hat mean: 0.007830, x mean: 0.012860
2026-07-14 15:37:26,031 - training - INFO - train x_hat mean: -0.015395, x mean: -0.007688
2026-07-14 15:37:26,040 - training - INFO - train x_hat mean: -0.015908, x mean: -0.004830
2026-07-14 15:37:26,050 - training - INFO - train x_hat mean: 0.008857, x mean: 0.011688
2026-07-14 15:37:26,059 - training - INFO - train x_hat mean: -0.006548, x mean: 0.003955
2026-07-14 15:37:26,069 - training - INFO - train x_hat mean: -0.015846, x mean: -0.010920
2026-07-14 15:37:26,079 - training - INFO - train x_hat mean: -0.001794, x mean: 0.005418
2026-07-14 15:37:26,088 - training - INFO - train x_hat mean: -0.025702, x mean: -0.019821
2026-07-14 15:37:26,097 - training - INFO - train x_hat mean: -0.007363, x mean: 0.000237
2026-07-14 15:37:26,107 - training - INFO - train x_hat mean: -0.004636, x mean: 0.006866
2026-07-14 15:37:26,117 - training - INFO - train x_hat mean: 0.001003, x mean: 0.008852
2026-07-14 15:37:26,126 - training - INFO - train x_hat mean: 0.000646, x mean: 0.011902
2026-07-14 15:37:26,136 - training - INFO - train x_hat mean: 0.004181, x mean: 0.012299
2026-07-14 15:37:26,145 - training - INFO - train x_hat mean: -0.006077, x mean: 0.001894
2026-07-14 15:37:26,155 - training - INFO - train x_hat mean: -0.008301, x mean: -0.000933
2026-07-14 15:37:26,164 - training - INFO - train x_hat mean: 0.003372, x mean: 0.010624
2026-07-14 15:37:26,175 - training - INFO - train x_hat mean: -0.023024, x mean: -0.017786
2026-07-14 15:37:26,185 - training - INFO - train x_hat mean: -0.008971, x mean: -0.001572
2026-07-14 15:37:26,195 - training - INFO - train x_hat mean: 0.003028, x mean: 0.008345
2026-07-14 15:37:26,204 - training - INFO - train x_hat mean: -0.002348, x mean: 0.004649
2026-07-14 15:37:26,214 - training - INFO - train x_hat mean: -0.004558, x mean: 0.004036
2026-07-14 15:37:26,225 - training - INFO - train x_hat mean: -0.006293, x mean: -0.001346
2026-07-14 15:37:26,234 - training - INFO - train x_hat mean: -0.003067, x mean: 0.003769
2026-07-14 15:37:26,244 - training - INFO - train x_hat mean: 0.019507, x mean: 0.025844
2026-07-14 15:37:26,254 - training - INFO - train x_hat mean: 0.001223, x mean: 0.010255
2026-07-14 15:37:26,264 - training - INFO - train x_hat mean: -0.025030, x mean: -0.020909
2026-07-14 15:37:26,274 - training - INFO - train x_hat mean: 0.001659, x mean: 0.008786
2026-07-14 15:37:26,284 - training - INFO - train x_hat mean: -0.020700, x mean: -0.010607
2026-07-14 15:37:26,293 - training - INFO - train x_hat mean: 0.012740, x mean: 0.019078
2026-07-14 15:37:26,303 - training - INFO - train x_hat mean: -0.022992, x mean: -0.016604
2026-07-14 15:37:26,314 - training - INFO - train x_hat mean: 0.004458, x mean: 0.014789
2026-07-14 15:37:26,324 - training - INFO - train x_hat mean: -0.001431, x mean: 0.007365
2026-07-14 15:37:26,334 - training - INFO - train x_hat mean: -0.012408, x mean: -0.002847
2026-07-14 15:37:26,343 - training - INFO - train x_hat mean: 0.005102, x mean: 0.015021
2026-07-14 15:37:26,353 - training - INFO - train x_hat mean: -0.025959, x mean: -0.019834
2026-07-14 15:37:26,362 - training - INFO - train x_hat mean: -0.012200, x mean: -0.005036
2026-07-14 15:37:26,372 - training - INFO - train x_hat mean: 0.015093, x mean: 0.034038
2026-07-14 15:37:26,381 - training - INFO - train x_hat mean: -0.049301, x mean: -0.043964
2026-07-14 15:37:26,391 - training - INFO - train x_hat mean: 0.015013, x mean: 0.022302
2026-07-14 15:37:26,400 - training - INFO - train x_hat mean: 0.009009, x mean: 0.012939
2026-07-14 15:37:26,411 - training - INFO - train x_hat mean: 0.011593, x mean: 0.016413
2026-07-14 15:37:26,421 - training - INFO - train x_hat mean: -0.038289, x mean: -0.034485
2026-07-14 15:37:26,431 - training - INFO - train x_hat mean: -0.019175, x mean: -0.013352
2026-07-14 15:37:26,441 - training - INFO - train x_hat mean: 0.013424, x mean: 0.024467
2026-07-14 15:37:26,451 - training - INFO - train x_hat mean: -0.000393, x mean: 0.006063
2026-07-14 15:37:26,460 - training - INFO - train x_hat mean: -0.036106, x mean: -0.028689
2026-07-14 15:37:26,470 - training - INFO - train x_hat mean: -0.038013, x mean: -0.032325
2026-07-14 15:37:26,479 - training - INFO - train x_hat mean: -0.018842, x mean: -0.009936
2026-07-14 15:37:26,489 - training - INFO - train x_hat mean: 0.008380, x mean: 0.015030
2026-07-14 15:37:26,499 - training - INFO - train x_hat mean: -0.045236, x mean: -0.033638
2026-07-14 15:37:26,509 - training - INFO - train x_hat mean: -0.028072, x mean: -0.022945
2026-07-14 15:37:26,519 - training - INFO - train x_hat mean: 0.002158, x mean: 0.007643
2026-07-14 15:37:26,529 - training - INFO - train x_hat mean: -0.011010, x mean: 0.011414
2026-07-14 15:37:26,539 - training - INFO - train x_hat mean: -0.008078, x mean: 0.000795
2026-07-14 15:37:26,551 - training - INFO - train x_hat mean: -0.008235, x mean: -0.002094
2026-07-14 15:37:26,561 - training - INFO - train x_hat mean: -0.017866, x mean: -0.009933
2026-07-14 15:37:26,571 - training - INFO - train x_hat mean: 0.004405, x mean: 0.013159
2026-07-14 15:37:26,580 - training - INFO - train x_hat mean: 0.024054, x mean: 0.028889
2026-07-14 15:37:26,590 - training - INFO - train x_hat mean: -0.061079, x mean: -0.054301
2026-07-14 15:37:26,600 - training - INFO - train x_hat mean: 0.007178, x mean: 0.012080
2026-07-14 15:37:26,610 - training - INFO - train x_hat mean: -0.018639, x mean: -0.014058
2026-07-14 15:37:26,620 - training - INFO - train x_hat mean: -0.012454, x mean: -0.004070
2026-07-14 15:37:26,629 - training - INFO - train x_hat mean: 0.002451, x mean: 0.007504
2026-07-14 15:37:26,639 - training - INFO - train x_hat mean: -0.004859, x mean: 0.003804
2026-07-14 15:37:26,649 - training - INFO - train x_hat mean: -0.002181, x mean: 0.003564
2026-07-14 15:37:26,659 - training - INFO - train x_hat mean: -0.000258, x mean: 0.003530
2026-07-14 15:37:26,668 - training - INFO - train x_hat mean: -0.006694, x mean: 0.001569
2026-07-14 15:37:26,678 - training - INFO - train x_hat mean: -0.001290, x mean: 0.002306
2026-07-14 15:37:26,688 - training - INFO - train x_hat mean: -0.016457, x mean: -0.013369
2026-07-14 15:37:26,698 - training - INFO - train x_hat mean: 0.005291, x mean: 0.010602
2026-07-14 15:37:26,708 - training - INFO - train x_hat mean: 0.003006, x mean: 0.016108
2026-07-14 15:37:26,718 - training - INFO - train x_hat mean: 0.011523, x mean: 0.019641
2026-07-14 15:37:26,727 - training - INFO - train x_hat mean: 0.004417, x mean: 0.006572
2026-07-14 15:37:26,737 - training - INFO - train x_hat mean: -0.018876, x mean: -0.011418
2026-07-14 15:37:26,746 - training - INFO - train x_hat mean: -0.022113, x mean: -0.015698
2026-07-14 15:37:26,756 - training - INFO - train x_hat mean: -0.002265, x mean: 0.004449
2026-07-14 15:37:26,766 - training - INFO - train x_hat mean: -0.009097, x mean: -0.001268
2026-07-14 15:37:26,776 - training - INFO - train x_hat mean: 0.006019, x mean: 0.015472
2026-07-14 15:37:26,785 - training - INFO - train x_hat mean: -0.018571, x mean: -0.011612
2026-07-14 15:37:26,795 - training - INFO - train x_hat mean: -0.003163, x mean: 0.004097
2026-07-14 15:37:26,805 - training - INFO - train x_hat mean: 0.000258, x mean: 0.017502
2026-07-14 15:37:26,815 - training - INFO - train x_hat mean: -0.031335, x mean: -0.027531
2026-07-14 15:37:26,826 - training - INFO - train x_hat mean: -0.005066, x mean: 0.001672
2026-07-14 15:37:26,835 - training - INFO - train x_hat mean: -0.023968, x mean: -0.018049
2026-07-14 15:37:26,845 - training - INFO - train x_hat mean: 0.009190, x mean: 0.016316
2026-07-14 15:37:26,855 - training - INFO - train x_hat mean: -0.002153, x mean: 0.003814
2026-07-14 15:37:26,865 - training - INFO - train x_hat mean: -0.009982, x mean: 0.000990
2026-07-14 15:37:26,875 - training - INFO - train x_hat mean: -0.000042, x mean: 0.006771
2026-07-14 15:37:26,885 - training - INFO - train x_hat mean: 0.017459, x mean: 0.019467
2026-07-14 15:37:26,894 - training - INFO - train x_hat mean: 0.018245, x mean: 0.026335
2026-07-14 15:37:26,904 - training - INFO - train x_hat mean: 0.003073, x mean: 0.013040
2026-07-14 15:37:26,913 - training - INFO - train x_hat mean: 0.006591, x mean: 0.015244
2026-07-14 15:37:26,923 - training - INFO - train x_hat mean: 0.006396, x mean: 0.016325
2026-07-14 15:37:26,933 - training - INFO - train x_hat mean: 0.007643, x mean: 0.015260
2026-07-14 15:37:26,943 - training - INFO - train x_hat mean: 0.007302, x mean: 0.020190
2026-07-14 15:37:26,953 - training - INFO - train x_hat mean: -0.005383, x mean: 0.004616
2026-07-14 15:37:26,963 - training - INFO - train x_hat mean: 0.010177, x mean: 0.016404
2026-07-14 15:37:26,973 - training - INFO - train x_hat mean: -0.004550, x mean: 0.001761
2026-07-14 15:37:26,982 - training - INFO - train x_hat mean: -0.030674, x mean: -0.025138
2026-07-14 15:37:26,992 - training - INFO - train x_hat mean: 0.003550, x mean: 0.006620
2026-07-14 15:37:27,001 - training - INFO - train x_hat mean: -0.014541, x mean: -0.007403
2026-07-14 15:37:27,011 - training - INFO - train x_hat mean: -0.000331, x mean: 0.003251
2026-07-14 15:37:27,020 - training - INFO - train x_hat mean: -0.024326, x mean: -0.016760
2026-07-14 15:37:27,030 - training - INFO - train x_hat mean: 0.009409, x mean: 0.016164
2026-07-14 15:37:27,039 - training - INFO - train x_hat mean: -0.024943, x mean: -0.013166
2026-07-14 15:37:27,048 - training - INFO - train x_hat mean: 0.004965, x mean: 0.013337
2026-07-14 15:37:27,057 - training - INFO - train x_hat mean: -0.008344, x mean: -0.001218
2026-07-14 15:37:27,067 - training - INFO - train x_hat mean: -0.024296, x mean: -0.022650
2026-07-14 15:37:27,077 - training - INFO - train x_hat mean: 0.010094, x mean: 0.015605
2026-07-14 15:37:27,087 - training - INFO - train x_hat mean: -0.000077, x mean: 0.004192
2026-07-14 15:37:27,097 - training - INFO - train x_hat mean: 0.029925, x mean: 0.037449
2026-07-14 15:37:27,107 - training - INFO - train x_hat mean: -0.000507, x mean: 0.007178
2026-07-14 15:37:27,118 - training - INFO - train x_hat mean: -0.003804, x mean: 0.002095
2026-07-14 15:37:27,127 - training - INFO - train x_hat mean: 0.010377, x mean: 0.020584
2026-07-14 15:37:27,137 - training - INFO - train x_hat mean: -0.008695, x mean: -0.003502
2026-07-14 15:37:27,147 - training - INFO - train x_hat mean: 0.004475, x mean: 0.026058
2026-07-14 15:37:27,156 - training - INFO - train x_hat mean: -0.035193, x mean: -0.028016
2026-07-14 15:37:27,168 - training - INFO - train x_hat mean: 0.016262, x mean: 0.023171
2026-07-14 15:37:27,178 - training - INFO - train x_hat mean: -0.004414, x mean: 0.003182
2026-07-14 15:37:27,188 - training - INFO - train x_hat mean: -0.008642, x mean: 0.000768
2026-07-14 15:37:27,199 - training - INFO - train x_hat mean: 0.007773, x mean: 0.015016
2026-07-14 15:37:27,209 - training - INFO - train x_hat mean: -0.038257, x mean: -0.035893
2026-07-14 15:37:27,219 - training - INFO - train x_hat mean: 0.022295, x mean: 0.030283
2026-07-14 15:37:27,229 - training - INFO - train x_hat mean: -0.002598, x mean: 0.001262
2026-07-14 15:37:27,239 - training - INFO - train x_hat mean: -0.015578, x mean: -0.009442
2026-07-14 15:37:27,248 - training - INFO - train x_hat mean: 0.013506, x mean: 0.022781
2026-07-14 15:37:27,259 - training - INFO - train x_hat mean: -0.008009, x mean: -0.001160
2026-07-14 15:37:27,268 - training - INFO - train x_hat mean: -0.024235, x mean: -0.015646
2026-07-14 15:37:27,278 - training - INFO - train x_hat mean: -0.004335, x mean: 0.008401
2026-07-14 15:37:27,288 - training - INFO - train x_hat mean: -0.027415, x mean: -0.018156
2026-07-14 15:37:27,298 - training - INFO - train x_hat mean: 0.008678, x mean: 0.017317
2026-07-14 15:37:27,307 - training - INFO - train x_hat mean: 0.000463, x mean: 0.007597
2026-07-14 15:37:27,318 - training - INFO - train x_hat mean: -0.017378, x mean: -0.011429
2026-07-14 15:37:27,328 - training - INFO - train x_hat mean: 0.018158, x mean: 0.022868
2026-07-14 15:37:27,338 - training - INFO - train x_hat mean: -0.001517, x mean: 0.002467
2026-07-14 15:37:27,348 - training - INFO - train x_hat mean: 0.018973, x mean: 0.023979
2026-07-14 15:37:27,358 - training - INFO - train x_hat mean: 0.004265, x mean: 0.009538
2026-07-14 15:37:27,368 - training - INFO - train x_hat mean: -0.006303, x mean: -0.001932
2026-07-14 15:37:27,378 - training - INFO - train x_hat mean: -0.025440, x mean: -0.020070
2026-07-14 15:37:27,389 - training - INFO - train x_hat mean: -0.033341, x mean: -0.026979
2026-07-14 15:37:27,401 - training - INFO - train x_hat mean: -0.001045, x mean: 0.008993
2026-07-14 15:37:27,411 - training - INFO - train x_hat mean: -0.012012, x mean: -0.006132
2026-07-14 15:37:27,422 - training - INFO - train x_hat mean: 0.007303, x mean: 0.016766
2026-07-14 15:37:27,433 - training - INFO - train x_hat mean: 0.008895, x mean: 0.017623
2026-07-14 15:37:27,442 - training - INFO - train x_hat mean: -0.009827, x mean: -0.004665
2026-07-14 15:37:27,453 - training - INFO - train x_hat mean: 0.011528, x mean: 0.025194
2026-07-14 15:37:27,463 - training - INFO - train x_hat mean: -0.010804, x mean: -0.003369
2026-07-14 15:37:27,474 - training - INFO - train x_hat mean: 0.004702, x mean: 0.012133
2026-07-14 15:37:27,484 - training - INFO - train x_hat mean: 0.006251, x mean: 0.017842
2026-07-14 15:37:27,493 - training - INFO - train x_hat mean: 0.010939, x mean: 0.014632
2026-07-14 15:37:27,503 - training - INFO - train x_hat mean: -0.009604, x mean: -0.005537
2026-07-14 15:37:27,513 - training - INFO - train x_hat mean: 0.009727, x mean: 0.014604
2026-07-14 15:37:27,522 - training - INFO - train x_hat mean: -0.025271, x mean: -0.016453
2026-07-14 15:37:27,532 - training - INFO - train x_hat mean: 0.006269, x mean: 0.011300
2026-07-14 15:37:27,542 - training - INFO - train x_hat mean: -0.004441, x mean: 0.001653
2026-07-14 15:37:27,552 - training - INFO - train x_hat mean: -0.034774, x mean: -0.027827
2026-07-14 15:37:27,562 - training - INFO - train x_hat mean: -0.000059, x mean: 0.004937
2026-07-14 15:37:27,571 - training - INFO - train x_hat mean: -0.010242, x mean: -0.003156
2026-07-14 15:37:27,581 - training - INFO - train x_hat mean: -0.026567, x mean: -0.018939
2026-07-14 15:37:27,591 - training - INFO - train x_hat mean: 0.010158, x mean: 0.024029
2026-07-14 15:37:27,601 - training - INFO - train x_hat mean: -0.000923, x mean: 0.004400
2026-07-14 15:37:27,612 - training - INFO - train x_hat mean: 0.006742, x mean: 0.013285
2026-07-14 15:37:27,622 - training - INFO - train x_hat mean: 0.001270, x mean: 0.006062
2026-07-14 15:37:27,632 - training - INFO - train x_hat mean: 0.016062, x mean: 0.022394
2026-07-14 15:37:27,641 - training - INFO - train x_hat mean: -0.012677, x mean: -0.006121
2026-07-14 15:37:27,651 - training - INFO - train x_hat mean: 0.015244, x mean: 0.022478
2026-07-14 15:37:27,662 - training - INFO - train x_hat mean: -0.027828, x mean: -0.023904
2026-07-14 15:37:27,671 - training - INFO - train x_hat mean: -0.017003, x mean: -0.007515
2026-07-14 15:37:27,681 - training - INFO - train x_hat mean: -0.009880, x mean: -0.002131
2026-07-14 15:37:27,691 - training - INFO - train x_hat mean: 0.001922, x mean: 0.005666
2026-07-14 15:37:27,701 - training - INFO - train x_hat mean: 0.002540, x mean: 0.008951
2026-07-14 15:37:27,712 - training - INFO - train x_hat mean: -0.009959, x mean: -0.003643
2026-07-14 15:37:27,721 - training - INFO - train x_hat mean: 0.010579, x mean: 0.014656
2026-07-14 15:37:27,731 - training - INFO - train x_hat mean: -0.010087, x mean: -0.000803
2026-07-14 15:37:27,741 - training - INFO - train x_hat mean: -0.010904, x mean: -0.006066
2026-07-14 15:37:27,752 - training - INFO - train x_hat mean: -0.015202, x mean: -0.006667
2026-07-14 15:37:27,762 - training - INFO - train x_hat mean: 0.020885, x mean: 0.033375
2026-07-14 15:37:27,773 - training - INFO - train x_hat mean: -0.022649, x mean: -0.017039
2026-07-14 15:37:27,783 - training - INFO - train x_hat mean: 0.002589, x mean: 0.010126
2026-07-14 15:37:27,793 - training - INFO - train x_hat mean: 0.015480, x mean: 0.023891
2026-07-14 15:37:27,803 - training - INFO - train x_hat mean: -0.021864, x mean: -0.017807
2026-07-14 15:37:27,814 - training - INFO - train x_hat mean: 0.000560, x mean: 0.006712
2026-07-14 15:37:27,823 - training - INFO - train x_hat mean: -0.014945, x mean: -0.011464
2026-07-14 15:37:27,833 - training - INFO - train x_hat mean: -0.019260, x mean: -0.011945
2026-07-14 15:37:27,843 - training - INFO - train x_hat mean: -0.043128, x mean: -0.034353
2026-07-14 15:37:27,853 - training - INFO - train x_hat mean: -0.001228, x mean: 0.006168
2026-07-14 15:37:27,863 - training - INFO - train x_hat mean: 0.018930, x mean: 0.027725
2026-07-14 15:37:27,872 - training - INFO - train x_hat mean: -0.034975, x mean: -0.030335
2026-07-14 15:37:27,882 - training - INFO - train x_hat mean: -0.022084, x mean: -0.007763
2026-07-14 15:37:27,892 - training - INFO - train x_hat mean: 0.012898, x mean: 0.017515
2026-07-14 15:37:27,901 - training - INFO - train x_hat mean: 0.005086, x mean: 0.011318
2026-07-14 15:37:27,912 - training - INFO - train x_hat mean: -0.028561, x mean: -0.022880
2026-07-14 15:37:27,922 - training - INFO - train x_hat mean: -0.041272, x mean: -0.036082
2026-07-14 15:37:27,932 - training - INFO - train x_hat mean: -0.014880, x mean: -0.008225
2026-07-14 15:37:27,944 - training - INFO - train x_hat mean: 0.005309, x mean: 0.013301
2026-07-14 15:37:27,954 - training - INFO - train x_hat mean: -0.007920, x mean: -0.002978
2026-07-14 15:37:27,964 - training - INFO - train x_hat mean: -0.005110, x mean: 0.002270
2026-07-14 15:37:27,974 - training - INFO - train x_hat mean: 0.003495, x mean: 0.009953
2026-07-14 15:37:27,985 - training - INFO - train x_hat mean: 0.007411, x mean: 0.014180
2026-07-14 15:37:27,994 - training - INFO - train x_hat mean: -0.002139, x mean: 0.007462
2026-07-14 15:37:28,004 - training - INFO - train x_hat mean: -0.020885, x mean: -0.001683
2026-07-14 15:37:28,014 - training - INFO - train x_hat mean: 0.010386, x mean: 0.015887
2026-07-14 15:37:28,024 - training - INFO - train x_hat mean: 0.003161, x mean: 0.013137
2026-07-14 15:37:28,034 - training - INFO - train x_hat mean: -0.034138, x mean: -0.028724
2026-07-14 15:37:28,044 - training - INFO - train x_hat mean: 0.039311, x mean: 0.046360
2026-07-14 15:37:28,053 - training - INFO - train x_hat mean: -0.023304, x mean: -0.013983
2026-07-14 15:37:28,064 - training - INFO - train x_hat mean: -0.020684, x mean: -0.013682
2026-07-14 15:37:28,074 - training - INFO - train x_hat mean: -0.001723, x mean: 0.000592
2026-07-14 15:37:28,084 - training - INFO - train x_hat mean: -0.007364, x mean: -0.005005
2026-07-14 15:37:28,093 - training - INFO - train x_hat mean: -0.005624, x mean: -0.001341
2026-07-14 15:37:28,103 - training - INFO - train x_hat mean: 0.007493, x mean: 0.013800
2026-07-14 15:37:28,114 - training - INFO - train x_hat mean: -0.013362, x mean: -0.003270
2026-07-14 15:37:28,124 - training - INFO - train x_hat mean: 0.016248, x mean: 0.020477
2026-07-14 15:37:28,134 - training - INFO - train x_hat mean: -0.018222, x mean: -0.013366
2026-07-14 15:37:28,144 - training - INFO - train x_hat mean: -0.005891, x mean: -0.000846
2026-07-14 15:37:28,154 - training - INFO - train x_hat mean: -0.010628, x mean: -0.006926
2026-07-14 15:37:28,164 - training - INFO - train x_hat mean: 0.003583, x mean: 0.003752
2026-07-14 15:37:28,175 - training - INFO - train x_hat mean: 0.004922, x mean: 0.009517
2026-07-14 15:37:28,184 - training - INFO - train x_hat mean: -0.014344, x mean: -0.010524
2026-07-14 15:37:28,194 - training - INFO - train x_hat mean: 0.000415, x mean: 0.010438
2026-07-14 15:37:28,204 - training - INFO - train x_hat mean: 0.009088, x mean: 0.013025
2026-07-14 15:37:28,215 - training - INFO - train x_hat mean: -0.002723, x mean: 0.002126
2026-07-14 15:37:28,225 - training - INFO - train x_hat mean: 0.008122, x mean: 0.013918
2026-07-14 15:37:28,234 - training - INFO - train x_hat mean: -0.016218, x mean: -0.010547
2026-07-14 15:37:28,244 - training - INFO - train x_hat mean: 0.019002, x mean: 0.024216
2026-07-14 15:37:28,254 - training - INFO - train x_hat mean: -0.020131, x mean: -0.012159
2026-07-14 15:37:28,264 - training - INFO - train x_hat mean: -0.002538, x mean: 0.003110
2026-07-14 15:37:28,274 - training - INFO - train x_hat mean: -0.048792, x mean: -0.039805
2026-07-14 15:37:28,283 - training - INFO - train x_hat mean: -0.003056, x mean: 0.002075
2026-07-14 15:37:28,293 - training - INFO - train x_hat mean: 0.013416, x mean: 0.018824
2026-07-14 15:37:28,303 - training - INFO - train x_hat mean: -0.019857, x mean: -0.012115
2026-07-14 15:37:28,314 - training - INFO - train x_hat mean: -0.043117, x mean: -0.034416
2026-07-14 15:37:28,324 - training - INFO - train x_hat mean: -0.029985, x mean: -0.021228
2026-07-14 15:37:28,334 - training - INFO - train x_hat mean: -0.007067, x mean: -0.002277
2026-07-14 15:37:28,344 - training - INFO - train x_hat mean: -0.026174, x mean: -0.015096
2026-07-14 15:37:28,354 - training - INFO - train x_hat mean: 0.000251, x mean: 0.005361
2026-07-14 15:37:28,364 - training - INFO - train x_hat mean: 0.009827, x mean: 0.015542
2026-07-14 15:37:28,374 - training - INFO - train x_hat mean: -0.002605, x mean: 0.004882
2026-07-14 15:37:28,384 - training - INFO - train x_hat mean: 0.000073, x mean: 0.007706
2026-07-14 15:37:28,395 - training - INFO - train x_hat mean: -0.001725, x mean: 0.004881
2026-07-14 15:37:28,405 - training - INFO - train x_hat mean: -0.011417, x mean: -0.004625
2026-07-14 15:37:28,415 - training - INFO - train x_hat mean: -0.008272, x mean: 0.002651
2026-07-14 15:37:28,425 - training - INFO - train x_hat mean: -0.020571, x mean: -0.009937
2026-07-14 15:37:28,435 - training - INFO - train x_hat mean: -0.022268, x mean: -0.015202
2026-07-14 15:37:28,446 - training - INFO - train x_hat mean: 0.005212, x mean: 0.013719
2026-07-14 15:37:28,456 - training - INFO - train x_hat mean: -0.010100, x mean: 0.006386
2026-07-14 15:37:28,466 - training - INFO - train x_hat mean: -0.005334, x mean: 0.002002
2026-07-14 15:37:28,476 - training - INFO - train x_hat mean: -0.002553, x mean: -0.000447
2026-07-14 15:37:28,487 - training - INFO - train x_hat mean: -0.004413, x mean: 0.004440
2026-07-14 15:37:28,497 - training - INFO - train x_hat mean: -0.018531, x mean: -0.009636
2026-07-14 15:37:28,507 - training - INFO - train x_hat mean: -0.020653, x mean: -0.010450
2026-07-14 15:37:28,517 - training - INFO - train x_hat mean: -0.006273, x mean: 0.000022
2026-07-14 15:37:28,528 - training - INFO - train x_hat mean: -0.007192, x mean: -0.003701
2026-07-14 15:37:28,538 - training - INFO - train x_hat mean: -0.010216, x mean: -0.000148
2026-07-14 15:37:28,548 - training - INFO - train x_hat mean: 0.012464, x mean: 0.019667
2026-07-14 15:37:28,557 - training - INFO - train x_hat mean: 0.000616, x mean: 0.005315
2026-07-14 15:37:28,568 - training - INFO - train x_hat mean: -0.007013, x mean: 0.001452
2026-07-14 15:37:28,578 - training - INFO - train x_hat mean: -0.037272, x mean: -0.032805
2026-07-14 15:37:28,587 - training - INFO - train x_hat mean: -0.019600, x mean: -0.011660
2026-07-14 15:37:28,597 - training - INFO - train x_hat mean: -0.007274, x mean: -0.001916
2026-07-14 15:37:28,606 - training - INFO - train x_hat mean: 0.015192, x mean: 0.020049
2026-07-14 15:37:28,616 - training - INFO - train x_hat mean: 0.011583, x mean: 0.020777
2026-07-14 15:37:28,625 - training - INFO - train x_hat mean: -0.008542, x mean: -0.002375
2026-07-14 15:37:28,637 - training - INFO - train x_hat mean: -0.018215, x mean: -0.012073
2026-07-14 15:37:28,647 - training - INFO - train x_hat mean: -0.006490, x mean: -0.000749
2026-07-14 15:37:28,657 - training - INFO - train x_hat mean: 0.010379, x mean: 0.019050
2026-07-14 15:37:28,667 - training - INFO - train x_hat mean: 0.000260, x mean: 0.016835
2026-07-14 15:37:28,677 - training - INFO - train x_hat mean: 0.010648, x mean: 0.027813
2026-07-14 15:37:28,688 - training - INFO - train x_hat mean: 0.009964, x mean: 0.011772
2026-07-14 15:37:28,698 - training - INFO - train x_hat mean: -0.026901, x mean: -0.023077
2026-07-14 15:37:28,707 - training - INFO - train x_hat mean: -0.026223, x mean: -0.023659
2026-07-14 15:37:28,717 - training - INFO - train x_hat mean: -0.003710, x mean: 0.002535
2026-07-14 15:37:28,726 - training - INFO - train x_hat mean: -0.012193, x mean: -0.009967
2026-07-14 15:37:28,736 - training - INFO - train x_hat mean: 0.004312, x mean: 0.015137
2026-07-14 15:37:28,746 - training - INFO - train x_hat mean: 0.006014, x mean: 0.009959
2026-07-14 15:37:28,755 - training - INFO - train x_hat mean: -0.013528, x mean: -0.011040
2026-07-14 15:37:28,765 - training - INFO - train x_hat mean: -0.008666, x mean: -0.005969
2026-07-14 15:37:28,775 - training - INFO - train x_hat mean: 0.000461, x mean: 0.004025
2026-07-14 15:37:28,785 - training - INFO - train x_hat mean: -0.010748, x mean: -0.005477
2026-07-14 15:37:28,795 - training - INFO - train x_hat mean: 0.009316, x mean: 0.013183
2026-07-14 15:37:28,805 - training - INFO - train x_hat mean: 0.009109, x mean: 0.010781
2026-07-14 15:37:28,815 - training - INFO - train x_hat mean: -0.033464, x mean: -0.032470
2026-07-14 15:37:28,824 - training - INFO - train x_hat mean: -0.021682, x mean: -0.016586
2026-07-14 15:37:28,834 - training - INFO - train x_hat mean: -0.009428, x mean: -0.002469
2026-07-14 15:37:28,844 - training - INFO - train x_hat mean: 0.005539, x mean: 0.010452
2026-07-14 15:37:28,853 - training - INFO - train x_hat mean: -0.030182, x mean: -0.022659
2026-07-14 15:37:28,863 - training - INFO - train x_hat mean: 0.005056, x mean: 0.009700
2026-07-14 15:37:28,872 - training - INFO - train x_hat mean: -0.038936, x mean: -0.033376
2026-07-14 15:37:28,882 - training - INFO - train x_hat mean: -0.014528, x mean: -0.010912
2026-07-14 15:37:28,892 - training - INFO - train x_hat mean: -0.022334, x mean: -0.014151
2026-07-14 15:37:28,902 - training - INFO - train x_hat mean: 0.005310, x mean: 0.012881
2026-07-14 15:37:28,911 - training - INFO - train x_hat mean: -0.023360, x mean: -0.018760
2026-07-14 15:37:28,921 - training - INFO - train x_hat mean: -0.014424, x mean: -0.008700
2026-07-14 15:37:28,931 - training - INFO - train x_hat mean: -0.007760, x mean: 0.000574
2026-07-14 15:37:28,942 - training - INFO - train x_hat mean: -0.003048, x mean: 0.002387
2026-07-14 15:37:28,959 - training - INFO - train x_hat mean: 0.000763, x mean: 0.015607
2026-07-14 15:37:28,973 - training - INFO - train x_hat mean: -0.009090, x mean: 0.000226
2026-07-14 15:37:28,985 - training - INFO - train x_hat mean: -0.012103, x mean: -0.004422
2026-07-14 15:37:28,997 - training - INFO - train x_hat mean: -0.008316, x mean: 0.000560
2026-07-14 15:37:29,007 - training - INFO - train x_hat mean: -0.010151, x mean: -0.001754
2026-07-14 15:37:29,018 - training - INFO - train x_hat mean: -0.027478, x mean: -0.016049
2026-07-14 15:37:29,028 - training - INFO - train x_hat mean: 0.003678, x mean: 0.010022
2026-07-14 15:37:29,038 - training - INFO - train x_hat mean: -0.009881, x mean: -0.004584
2026-07-14 15:37:29,048 - training - INFO - train x_hat mean: -0.022641, x mean: -0.013850
2026-07-14 15:37:29,059 - training - INFO - train x_hat mean: 0.011872, x mean: 0.017578
2026-07-14 15:37:29,069 - training - INFO - train x_hat mean: -0.030344, x mean: -0.023584
2026-07-14 15:37:29,079 - training - INFO - train x_hat mean: 0.012434, x mean: 0.020241
2026-07-14 15:37:29,089 - training - INFO - train x_hat mean: -0.013642, x mean: -0.004719
2026-07-14 15:37:29,099 - training - INFO - train x_hat mean: 0.004791, x mean: 0.009449
2026-07-14 15:37:29,109 - training - INFO - train x_hat mean: -0.006021, x mean: 0.002593
2026-07-14 15:37:29,119 - training - INFO - train x_hat mean: -0.000338, x mean: 0.003445
2026-07-14 15:37:29,129 - training - INFO - train x_hat mean: 0.018711, x mean: 0.026517
2026-07-14 15:37:29,139 - training - INFO - train x_hat mean: -0.003016, x mean: 0.003685
2026-07-14 15:37:29,150 - training - INFO - train x_hat mean: -0.002332, x mean: 0.001967
2026-07-14 15:37:29,160 - training - INFO - train x_hat mean: 0.001176, x mean: 0.009362
2026-07-14 15:37:29,170 - training - INFO - train x_hat mean: -0.003485, x mean: 0.001619
2026-07-14 15:37:29,180 - training - INFO - train x_hat mean: -0.037394, x mean: -0.031621
2026-07-14 15:37:29,190 - training - INFO - train x_hat mean: -0.009622, x mean: -0.004339
2026-07-14 15:37:29,202 - training - INFO - train x_hat mean: 0.006496, x mean: 0.012033
2026-07-14 15:37:29,211 - training - INFO - train x_hat mean: -0.029392, x mean: -0.021337
2026-07-14 15:37:29,221 - training - INFO - train x_hat mean: 0.013589, x mean: 0.019941
2026-07-14 15:37:29,231 - training - INFO - train x_hat mean: -0.031538, x mean: -0.027854
2026-07-14 15:37:29,241 - training - INFO - train x_hat mean: -0.026019, x mean: -0.018032
2026-07-14 15:37:29,251 - training - INFO - train x_hat mean: -0.003475, x mean: 0.001443
2026-07-14 15:37:29,261 - training - INFO - train x_hat mean: -0.000153, x mean: 0.002136
2026-07-14 15:37:29,271 - training - INFO - train x_hat mean: -0.011735, x mean: -0.004751
2026-07-14 15:37:29,281 - training - INFO - train x_hat mean: -0.002113, x mean: 0.006024
2026-07-14 15:37:29,291 - training - INFO - train x_hat mean: -0.008016, x mean: 0.000529
2026-07-14 15:37:29,301 - training - INFO - train x_hat mean: -0.035246, x mean: -0.027568
2026-07-14 15:37:29,310 - training - INFO - train x_hat mean: 0.009580, x mean: 0.019782
2026-07-14 15:37:29,320 - training - INFO - train x_hat mean: -0.003103, x mean: 0.002796
2026-07-14 15:37:29,330 - training - INFO - train x_hat mean: -0.004280, x mean: 0.005183
2026-07-14 15:37:29,339 - training - INFO - train x_hat mean: -0.025411, x mean: -0.020111
2026-07-14 15:37:29,349 - training - INFO - train x_hat mean: 0.002121, x mean: 0.006735
2026-07-14 15:37:29,359 - training - INFO - train x_hat mean: -0.021458, x mean: -0.013533
2026-07-14 15:37:29,369 - training - INFO - train x_hat mean: -0.012110, x mean: -0.003427
2026-07-14 15:37:29,380 - training - INFO - train x_hat mean: -0.004340, x mean: 0.000584
2026-07-14 15:37:29,389 - training - INFO - train x_hat mean: 0.012295, x mean: 0.020856
2026-07-14 15:37:29,399 - training - INFO - train x_hat mean: 0.006656, x mean: 0.011887
2026-07-14 15:37:29,408 - training - INFO - train x_hat mean: -0.007096, x mean: 0.000131
2026-07-14 15:37:29,417 - training - INFO - train x_hat mean: -0.019835, x mean: -0.009982
2026-07-14 15:37:29,427 - training - INFO - train x_hat mean: -0.002881, x mean: 0.006332
2026-07-14 15:37:29,437 - training - INFO - train x_hat mean: 0.008077, x mean: 0.021419
2026-07-14 15:37:29,446 - training - INFO - train x_hat mean: 0.012939, x mean: 0.018539
2026-07-14 15:37:29,456 - training - INFO - train x_hat mean: 0.002990, x mean: 0.009455
2026-07-14 15:37:29,466 - training - INFO - train x_hat mean: -0.036206, x mean: -0.029429
2026-07-14 15:37:29,475 - training - INFO - train x_hat mean: -0.000769, x mean: 0.004763
2026-07-14 15:37:29,485 - training - INFO - train x_hat mean: -0.047346, x mean: -0.040353
2026-07-14 15:37:29,494 - training - INFO - train x_hat mean: -0.009159, x mean: -0.003242
2026-07-14 15:37:29,504 - training - INFO - train x_hat mean: 0.010544, x mean: 0.017511
2026-07-14 15:37:29,513 - training - INFO - train x_hat mean: 0.004858, x mean: 0.012665
2026-07-14 15:37:29,523 - training - INFO - train x_hat mean: -0.047229, x mean: -0.039949
2026-07-14 15:37:29,532 - training - INFO - train x_hat mean: 0.000480, x mean: 0.008574
2026-07-14 15:37:29,542 - training - INFO - train x_hat mean: -0.018113, x mean: -0.011265
2026-07-14 15:37:29,552 - training - INFO - train x_hat mean: -0.004089, x mean: 0.002762
2026-07-14 15:37:29,561 - training - INFO - train x_hat mean: -0.010196, x mean: -0.004951
2026-07-14 15:37:29,570 - training - INFO - train x_hat mean: -0.021577, x mean: -0.017713
2026-07-14 15:37:29,581 - training - INFO - train x_hat mean: -0.032407, x mean: -0.027702
2026-07-14 15:37:29,590 - training - INFO - train x_hat mean: 0.011542, x mean: 0.021266
2026-07-14 15:37:29,601 - training - INFO - train x_hat mean: -0.030261, x mean: -0.021132
2026-07-14 15:37:29,610 - training - INFO - train x_hat mean: -0.011170, x mean: 0.000249
2026-07-14 15:37:29,620 - training - INFO - train x_hat mean: 0.014869, x mean: 0.023539
2026-07-14 15:37:29,630 - training - INFO - train x_hat mean: 0.014405, x mean: 0.017515
2026-07-14 15:37:29,639 - training - INFO - train x_hat mean: -0.035888, x mean: -0.030219
2026-07-14 15:37:29,649 - training - INFO - train x_hat mean: 0.007566, x mean: 0.012148
2026-07-14 15:37:29,680 - training - INFO - train x_hat mean: -0.001019, x mean: 0.007964
2026-07-14 15:37:29,690 - training - INFO - train x_hat mean: -0.039926, x mean: -0.034547
2026-07-14 15:37:29,700 - training - INFO - train x_hat mean: 0.016411, x mean: 0.023808
2026-07-14 15:37:29,709 - training - INFO - train x_hat mean: -0.024348, x mean: -0.019464
2026-07-14 15:37:29,719 - training - INFO - train x_hat mean: 0.009891, x mean: 0.017624
2026-07-14 15:37:29,729 - training - INFO - train x_hat mean: -0.009380, x mean: -0.007048
2026-07-14 15:37:29,738 - training - INFO - train x_hat mean: -0.005029, x mean: 0.005276
2026-07-14 15:37:29,747 - training - INFO - train x_hat mean: 0.011235, x mean: 0.019296
2026-07-14 15:37:29,756 - training - INFO - train x_hat mean: 0.029301, x mean: 0.037444
2026-07-14 15:37:29,766 - training - INFO - train x_hat mean: 0.008528, x mean: 0.016239
2026-07-14 15:37:29,776 - training - INFO - train x_hat mean: -0.011237, x mean: -0.000485
2026-07-14 15:37:29,786 - training - INFO - train x_hat mean: 0.011421, x mean: 0.015520
2026-07-14 15:37:29,795 - training - INFO - train x_hat mean: 0.021317, x mean: 0.032893
2026-07-14 15:37:29,806 - training - INFO - train x_hat mean: 0.017949, x mean: 0.023299
2026-07-14 15:37:29,815 - training - INFO - train x_hat mean: -0.029944, x mean: -0.022359
2026-07-14 15:37:29,825 - training - INFO - train x_hat mean: -0.007322, x mean: -0.003427
2026-07-14 15:37:29,834 - training - INFO - train x_hat mean: -0.015358, x mean: -0.007543
2026-07-14 15:37:29,844 - training - INFO - train x_hat mean: -0.020494, x mean: -0.011338
2026-07-14 15:37:29,853 - training - INFO - train x_hat mean: 0.006714, x mean: 0.017726
2026-07-14 15:37:29,862 - training - INFO - train x_hat mean: 0.000283, x mean: 0.007765
2026-07-14 15:37:29,872 - training - INFO - train x_hat mean: -0.031226, x mean: 0.002310
2026-07-14 15:37:29,881 - training - INFO - train x_hat mean: 0.013848, x mean: 0.019680
2026-07-14 15:37:29,890 - training - INFO - train x_hat mean: -0.000833, x mean: 0.004201
2026-07-14 15:37:29,900 - training - INFO - train x_hat mean: -0.033982, x mean: -0.027883
2026-07-14 15:37:29,909 - training - INFO - train x_hat mean: -0.014647, x mean: -0.008443
2026-07-14 15:37:29,919 - training - INFO - train x_hat mean: -0.009389, x mean: -0.006529
2026-07-14 15:37:29,928 - training - INFO - train x_hat mean: -0.018646, x mean: -0.012559
2026-07-14 15:37:29,938 - training - INFO - train x_hat mean: -0.007827, x mean: 0.001035
2026-07-14 15:37:29,947 - training - INFO - train x_hat mean: -0.044518, x mean: -0.038094
2026-07-14 15:37:29,957 - training - INFO - train x_hat mean: 0.016602, x mean: 0.020303
2026-07-14 15:37:29,967 - training - INFO - train x_hat mean: -0.040085, x mean: -0.031773
2026-07-14 15:37:29,976 - training - INFO - train x_hat mean: 0.007443, x mean: 0.010962
2026-07-14 15:37:29,986 - training - INFO - train x_hat mean: -0.015696, x mean: -0.008466
2026-07-14 15:37:29,998 - training - INFO - train x_hat mean: -0.019379, x mean: -0.012280
2026-07-14 15:37:30,008 - training - INFO - train x_hat mean: 0.017761, x mean: 0.026120
2026-07-14 15:37:30,017 - training - INFO - train x_hat mean: -0.004046, x mean: 0.002300
2026-07-14 15:37:30,027 - training - INFO - train x_hat mean: 0.011295, x mean: 0.028790
2026-07-14 15:37:30,036 - training - INFO - train x_hat mean: -0.002255, x mean: 0.000906
2026-07-14 15:37:30,046 - training - INFO - train x_hat mean: 0.004065, x mean: 0.005023
2026-07-14 15:37:30,055 - training - INFO - train x_hat mean: -0.011540, x mean: -0.005480
2026-07-14 15:37:30,065 - training - INFO - train x_hat mean: -0.010415, x mean: -0.001747
2026-07-14 15:37:30,075 - training - INFO - train x_hat mean: -0.030998, x mean: -0.028190
2026-07-14 15:37:30,084 - training - INFO - train x_hat mean: 0.004178, x mean: 0.005682
2026-07-14 15:37:30,094 - training - INFO - train x_hat mean: 0.003878, x mean: 0.004629
2026-07-14 15:37:30,103 - training - INFO - train x_hat mean: 0.010121, x mean: 0.018796
2026-07-14 15:37:30,114 - training - INFO - train x_hat mean: -0.004799, x mean: 0.000766
2026-07-14 15:37:30,124 - training - INFO - train x_hat mean: 0.025427, x mean: 0.033341
2026-07-14 15:37:30,133 - training - INFO - train x_hat mean: -0.015512, x mean: -0.005649
2026-07-14 15:37:30,143 - training - INFO - train x_hat mean: 0.016110, x mean: 0.020556
2026-07-14 15:37:30,152 - training - INFO - train x_hat mean: -0.011650, x mean: -0.004202
2026-07-14 15:37:30,162 - training - INFO - train x_hat mean: -0.003033, x mean: 0.004876
2026-07-14 15:37:30,171 - training - INFO - train x_hat mean: -0.056567, x mean: -0.043654
2026-07-14 15:37:30,181 - training - INFO - train x_hat mean: 0.001976, x mean: 0.008834
2026-07-14 15:37:30,190 - training - INFO - train x_hat mean: -0.008817, x mean: -0.000453
2026-07-14 15:37:30,200 - training - INFO - train x_hat mean: -0.022023, x mean: -0.016740
2026-07-14 15:37:30,210 - training - INFO - train x_hat mean: -0.002343, x mean: 0.006604
2026-07-14 15:37:30,220 - training - INFO - train x_hat mean: -0.002324, x mean: 0.008775
2026-07-14 15:37:30,231 - training - INFO - train x_hat mean: -0.020544, x mean: 0.001400
2026-07-14 15:37:30,241 - training - INFO - train x_hat mean: -0.011168, x mean: -0.004277
2026-07-14 15:37:30,251 - training - INFO - train x_hat mean: -0.026005, x mean: -0.017184
2026-07-14 15:37:30,262 - training - INFO - train x_hat mean: -0.013951, x mean: -0.002843
2026-07-14 15:37:30,271 - training - INFO - train x_hat mean: -0.008525, x mean: -0.002187
2026-07-14 15:37:30,281 - training - INFO - train x_hat mean: -0.021319, x mean: -0.013077
2026-07-14 15:37:30,291 - training - INFO - train x_hat mean: -0.002947, x mean: 0.002473
2026-07-14 15:37:30,300 - training - INFO - train x_hat mean: -0.039873, x mean: -0.033975
2026-07-14 15:37:30,311 - training - INFO - train x_hat mean: 0.019359, x mean: 0.021240
2026-07-14 15:37:30,320 - training - INFO - train x_hat mean: 0.022936, x mean: 0.024400
2026-07-14 15:37:30,331 - training - INFO - train x_hat mean: 0.017589, x mean: 0.024737
2026-07-14 15:37:30,340 - training - INFO - train x_hat mean: -0.024828, x mean: -0.012485
2026-07-14 15:37:30,350 - training - INFO - train x_hat mean: -0.082274, x mean: -0.071346
2026-07-14 15:37:30,359 - training - INFO - train x_hat mean: 0.003427, x mean: 0.007631
2026-07-14 15:37:30,368 - training - INFO - train x_hat mean: -0.032140, x mean: -0.027276
2026-07-14 15:37:30,378 - training - INFO - train x_hat mean: 0.006405, x mean: 0.018403
2026-07-14 15:37:30,388 - training - INFO - train x_hat mean: -0.000644, x mean: 0.001463
2026-07-14 15:37:30,397 - training - INFO - train x_hat mean: -0.005987, x mean: 0.003310
2026-07-14 15:37:30,405 - training - INFO - train x_hat mean: 0.000127, x mean: 0.005859
2026-07-14 15:37:30,415 - training - INFO - train x_hat mean: -0.024970, x mean: -0.019418
2026-07-14 15:37:30,425 - training - INFO - train x_hat mean: 0.003673, x mean: 0.009368
2026-07-14 15:37:30,435 - training - INFO - train x_hat mean: -0.008587, x mean: -0.004196
2026-07-14 15:37:30,444 - training - INFO - train x_hat mean: -0.016087, x mean: -0.010487
2026-07-14 15:37:30,454 - training - INFO - train x_hat mean: -0.010671, x mean: -0.004318
2026-07-14 15:37:30,464 - training - INFO - train x_hat mean: 0.005283, x mean: 0.006875
2026-07-14 15:37:30,473 - training - INFO - train x_hat mean: -0.028067, x mean: -0.022021
2026-07-14 15:37:30,484 - training - INFO - train x_hat mean: -0.035132, x mean: -0.023513
2026-07-14 15:37:30,494 - training - INFO - train x_hat mean: 0.015835, x mean: 0.021566
2026-07-14 15:37:30,504 - training - INFO - train x_hat mean: 0.012812, x mean: 0.024880
2026-07-14 15:37:30,514 - training - INFO - train x_hat mean: 0.006003, x mean: 0.013566
2026-07-14 15:37:30,523 - training - INFO - train x_hat mean: -0.002338, x mean: 0.003415
2026-07-14 15:37:30,533 - training - INFO - train x_hat mean: -0.018376, x mean: -0.009333
2026-07-14 15:37:30,543 - training - INFO - train x_hat mean: -0.019021, x mean: -0.010377
2026-07-14 15:37:30,553 - training - INFO - train x_hat mean: -0.009682, x mean: -0.004130
2026-07-14 15:37:30,563 - training - INFO - train x_hat mean: -0.018646, x mean: -0.006669
2026-07-14 15:37:30,573 - training - INFO - train x_hat mean: -0.017098, x mean: -0.012839
2026-07-14 15:37:30,584 - training - INFO - train x_hat mean: -0.061616, x mean: -0.051896
2026-07-14 15:37:30,593 - training - INFO - train x_hat mean: -0.010930, x mean: -0.004667
2026-07-14 15:37:30,603 - training - INFO - train x_hat mean: -0.009014, x mean: -0.000181
2026-07-14 15:37:30,612 - training - INFO - train x_hat mean: 0.009246, x mean: 0.016542
2026-07-14 15:37:30,622 - training - INFO - train x_hat mean: -0.023195, x mean: -0.020245
2026-07-14 15:37:30,633 - training - INFO - train x_hat mean: -0.037750, x mean: -0.031506
2026-07-14 15:37:30,642 - training - INFO - train x_hat mean: 0.031768, x mean: 0.037057
2026-07-14 15:37:30,652 - training - INFO - train x_hat mean: 0.018623, x mean: 0.023641
2026-07-14 15:37:30,661 - training - INFO - train x_hat mean: 0.000673, x mean: 0.009069
2026-07-14 15:37:30,671 - training - INFO - train x_hat mean: -0.048148, x mean: -0.038225
2026-07-14 15:37:30,681 - training - INFO - train x_hat mean: 0.003739, x mean: 0.007309
2026-07-14 15:37:30,691 - training - INFO - train x_hat mean: 0.021318, x mean: 0.027884
2026-07-14 15:37:30,701 - training - INFO - train x_hat mean: 0.004038, x mean: 0.009441
2026-07-14 15:37:30,711 - training - INFO - train x_hat mean: 0.003271, x mean: 0.008340
2026-07-14 15:37:30,720 - training - INFO - train x_hat mean: 0.002189, x mean: 0.009174
2026-07-14 15:37:30,731 - training - INFO - train x_hat mean: -0.022131, x mean: -0.014174
2026-07-14 15:37:30,742 - training - INFO - train x_hat mean: -0.001947, x mean: 0.005926
2026-07-14 15:37:30,752 - training - INFO - train x_hat mean: -0.013931, x mean: -0.004505
2026-07-14 15:37:30,763 - training - INFO - train x_hat mean: -0.000297, x mean: 0.007616
2026-07-14 15:37:30,773 - training - INFO - train x_hat mean: -0.039599, x mean: -0.032753
2026-07-14 15:37:30,783 - training - INFO - train x_hat mean: -0.002387, x mean: 0.008750
2026-07-14 15:37:30,792 - training - INFO - train x_hat mean: -0.034491, x mean: -0.023110
2026-07-14 15:37:30,803 - training - INFO - train x_hat mean: -0.017523, x mean: -0.008101
2026-07-14 15:37:30,813 - training - INFO - train x_hat mean: -0.017291, x mean: -0.008069
2026-07-14 15:37:30,822 - training - INFO - train x_hat mean: -0.019858, x mean: -0.014252
2026-07-14 15:37:30,832 - training - INFO - train x_hat mean: -0.001251, x mean: 0.011099
2026-07-14 15:37:30,842 - training - INFO - train x_hat mean: -0.006284, x mean: 0.000257
2026-07-14 15:37:30,851 - training - INFO - train x_hat mean: -0.030087, x mean: -0.022203
2026-07-14 15:37:30,862 - training - INFO - train x_hat mean: -0.023409, x mean: -0.016548
2026-07-14 15:37:30,871 - training - INFO - train x_hat mean: 0.005420, x mean: 0.008498
2026-07-14 15:37:30,881 - training - INFO - train x_hat mean: 0.017112, x mean: 0.027932
2026-07-14 15:37:30,891 - training - INFO - train x_hat mean: 0.000620, x mean: 0.005160
2026-07-14 15:37:30,901 - training - INFO - train x_hat mean: -0.014511, x mean: 0.001753
2026-07-14 15:37:30,910 - training - INFO - train x_hat mean: 0.003924, x mean: 0.010465
2026-07-14 15:37:30,920 - training - INFO - train x_hat mean: -0.016553, x mean: -0.007236
2026-07-14 15:37:30,930 - training - INFO - train x_hat mean: -0.026909, x mean: -0.021081
2026-07-14 15:37:30,940 - training - INFO - train x_hat mean: 0.006327, x mean: 0.011859
2026-07-14 15:37:30,950 - training - INFO - train x_hat mean: -0.004222, x mean: -0.002963
2026-07-14 15:37:30,960 - training - INFO - train x_hat mean: -0.009429, x mean: -0.005921
2026-07-14 15:37:30,970 - training - INFO - train x_hat mean: 0.027008, x mean: 0.029846
2026-07-14 15:37:30,980 - training - INFO - train x_hat mean: -0.016773, x mean: -0.011251
2026-07-14 15:37:30,989 - training - INFO - train x_hat mean: -0.012249, x mean: -0.005630
2026-07-14 15:37:31,000 - training - INFO - train x_hat mean: 0.026529, x mean: 0.028332
2026-07-14 15:37:31,009 - training - INFO - train x_hat mean: 0.015291, x mean: 0.021109
2026-07-14 15:37:31,019 - training - INFO - train x_hat mean: -0.000434, x mean: 0.002700
2026-07-14 15:37:31,029 - training - INFO - train x_hat mean: -0.005694, x mean: 0.000358
2026-07-14 15:37:31,039 - training - INFO - train x_hat mean: -0.023712, x mean: -0.010550
2026-07-14 15:37:31,048 - training - INFO - train x_hat mean: -0.008082, x mean: -0.003219
2026-07-14 15:37:31,058 - training - INFO - train x_hat mean: -0.014678, x mean: -0.008547
2026-07-14 15:37:31,068 - training - INFO - train x_hat mean: -0.017652, x mean: -0.011104
2026-07-14 15:37:31,077 - training - INFO - train x_hat mean: -0.012814, x mean: -0.002837
2026-07-14 15:37:31,087 - training - INFO - train x_hat mean: -0.002281, x mean: 0.005244
2026-07-14 15:37:31,097 - training - INFO - train x_hat mean: 0.005280, x mean: 0.013584
2026-07-14 15:37:31,106 - training - INFO - train x_hat mean: 0.025782, x mean: 0.026248
2026-07-14 15:37:31,116 - training - INFO - train x_hat mean: 0.008679, x mean: 0.014363
2026-07-14 15:37:31,125 - training - INFO - train x_hat mean: -0.003369, x mean: 0.001198
2026-07-14 15:37:31,135 - training - INFO - train x_hat mean: -0.024804, x mean: -0.012072
2026-07-14 15:37:31,146 - training - INFO - train x_hat mean: 0.022818, x mean: 0.028941
2026-07-14 15:37:31,155 - training - INFO - train x_hat mean: -0.009460, x mean: -0.005058
2026-07-14 15:37:31,165 - training - INFO - train x_hat mean: 0.000148, x mean: 0.007624
2026-07-14 15:37:31,175 - training - INFO - train x_hat mean: 0.005862, x mean: 0.012709
2026-07-14 15:37:31,184 - training - INFO - train x_hat mean: -0.004005, x mean: -0.000796
2026-07-14 15:37:31,195 - training - INFO - train x_hat mean: 0.012246, x mean: 0.014116
2026-07-14 15:37:31,205 - training - INFO - train x_hat mean: 0.009188, x mean: 0.014137
2026-07-14 15:37:31,215 - training - INFO - train x_hat mean: 0.003425, x mean: 0.006091
2026-07-14 15:37:31,225 - training - INFO - train x_hat mean: 0.003703, x mean: 0.009153
2026-07-14 15:37:31,234 - training - INFO - train x_hat mean: -0.005411, x mean: -0.000834
2026-07-14 15:37:31,245 - training - INFO - train x_hat mean: -0.008882, x mean: -0.001277
2026-07-14 15:37:31,255 - training - INFO - train x_hat mean: 0.011295, x mean: 0.015513
2026-07-14 15:37:31,264 - training - INFO - train x_hat mean: 0.012933, x mean: 0.017047
2026-07-14 15:37:31,273 - training - INFO - train x_hat mean: -0.007890, x mean: 0.000912
2026-07-14 15:37:31,282 - training - INFO - train x_hat mean: 0.011802, x mean: 0.021229
2026-07-14 15:37:31,291 - training - INFO - train x_hat mean: 0.015590, x mean: 0.022007
2026-07-14 15:37:31,301 - training - INFO - train x_hat mean: -0.020978, x mean: -0.013293
2026-07-14 15:37:31,310 - training - INFO - train x_hat mean: 0.010781, x mean: 0.013693
2026-07-14 15:37:31,319 - training - INFO - train x_hat mean: -0.000309, x mean: 0.005774
2026-07-14 15:37:31,329 - training - INFO - train x_hat mean: 0.023141, x mean: 0.026881
2026-07-14 15:37:31,338 - training - INFO - train x_hat mean: -0.015016, x mean: -0.013333
2026-07-14 15:37:31,348 - training - INFO - train x_hat mean: -0.000829, x mean: 0.019382
2026-07-14 15:37:31,357 - training - INFO - train x_hat mean: -0.009447, x mean: -0.005081
2026-07-14 15:37:31,366 - training - INFO - train x_hat mean: -0.018685, x mean: -0.011795
2026-07-14 15:37:31,376 - training - INFO - train x_hat mean: 0.031326, x mean: 0.034681
2026-07-14 15:37:31,387 - training - INFO - train x_hat mean: 0.009149, x mean: 0.015229
2026-07-14 15:37:31,397 - training - INFO - train x_hat mean: -0.012437, x mean: -0.006633
2026-07-14 15:37:31,407 - training - INFO - train x_hat mean: -0.017221, x mean: -0.011856
2026-07-14 15:37:31,417 - training - INFO - train x_hat mean: -0.010805, x mean: -0.003701
2026-07-14 15:37:31,427 - training - INFO - train x_hat mean: -0.009029, x mean: -0.000460
2026-07-14 15:37:31,436 - training - INFO - train x_hat mean: -0.000604, x mean: 0.002376
2026-07-14 15:37:31,447 - training - INFO - train x_hat mean: 0.029872, x mean: 0.036971
2026-07-14 15:37:31,456 - training - INFO - train x_hat mean: -0.016507, x mean: -0.008100
2026-07-14 15:37:31,467 - training - INFO - train x_hat mean: -0.047701, x mean: -0.039725
2026-07-14 15:37:31,478 - training - INFO - train x_hat mean: -0.010530, x mean: -0.000624
2026-07-14 15:37:31,488 - training - INFO - train x_hat mean: -0.007628, x mean: -0.001600
2026-07-14 15:37:31,498 - training - INFO - train x_hat mean: -0.008012, x mean: -0.001860
2026-07-14 15:37:31,508 - training - INFO - train x_hat mean: 0.005295, x mean: 0.012658
2026-07-14 15:37:31,519 - training - INFO - train x_hat mean: 0.018517, x mean: 0.023725
2026-07-14 15:37:31,529 - training - INFO - train x_hat mean: 0.011802, x mean: 0.017040
2026-07-14 15:37:31,539 - training - INFO - train x_hat mean: -0.024144, x mean: -0.016721
2026-07-14 15:37:31,550 - training - INFO - train x_hat mean: -0.004422, x mean: 0.001076
2026-07-14 15:37:31,560 - training - INFO - train x_hat mean: -0.014779, x mean: -0.010265
2026-07-14 15:37:31,570 - training - INFO - train x_hat mean: -0.028409, x mean: -0.022244
2026-07-14 15:37:31,581 - training - INFO - train x_hat mean: 0.000587, x mean: 0.005859
2026-07-14 15:37:31,591 - training - INFO - train x_hat mean: -0.029780, x mean: -0.020001
2026-07-14 15:37:31,602 - training - INFO - train x_hat mean: 0.008251, x mean: 0.011916
2026-07-14 15:37:31,613 - training - INFO - train x_hat mean: -0.012903, x mean: -0.007321
2026-07-14 15:37:31,626 - training - INFO - train x_hat mean: -0.021649, x mean: -0.011737
2026-07-14 15:37:31,637 - training - INFO - train x_hat mean: 0.003672, x mean: 0.007424
2026-07-14 15:37:31,649 - training - INFO - train x_hat mean: 0.030101, x mean: 0.039938
2026-07-14 15:37:31,661 - training - INFO - train x_hat mean: 0.004387, x mean: 0.010667
2026-07-14 15:37:31,672 - training - INFO - train x_hat mean: 0.023814, x mean: 0.026066
2026-07-14 15:37:31,685 - training - INFO - train x_hat mean: -0.008097, x mean: 0.000393
2026-07-14 15:37:31,699 - training - INFO - train x_hat mean: -0.011251, x mean: -0.000274
2026-07-14 15:37:31,709 - training - INFO - train x_hat mean: -0.024284, x mean: -0.016863
2026-07-14 15:37:31,721 - training - INFO - train x_hat mean: 0.014888, x mean: 0.018675
2026-07-14 15:37:31,735 - training - INFO - train x_hat mean: -0.012375, x mean: -0.003680
2026-07-14 15:37:31,747 - training - INFO - train x_hat mean: 0.002169, x mean: 0.008790
2026-07-14 15:37:31,759 - training - INFO - train x_hat mean: -0.012806, x mean: -0.007274
2026-07-14 15:37:31,772 - training - INFO - train x_hat mean: -0.000616, x mean: 0.007461
2026-07-14 15:37:31,786 - training - INFO - train x_hat mean: -0.006758, x mean: -0.000808
2026-07-14 15:37:31,798 - training - INFO - train x_hat mean: 0.001651, x mean: 0.009008
2026-07-14 15:37:31,811 - training - INFO - train x_hat mean: -0.015408, x mean: -0.010298
2026-07-14 15:37:31,823 - training - INFO - train x_hat mean: -0.030861, x mean: -0.023765
2026-07-14 15:37:31,834 - training - INFO - train x_hat mean: 0.020804, x mean: 0.028071
2026-07-14 15:37:31,848 - training - INFO - train x_hat mean: -0.002295, x mean: 0.005705
2026-07-14 15:37:31,861 - training - INFO - train x_hat mean: -0.045807, x mean: -0.039404
2026-07-14 15:37:31,874 - training - INFO - train x_hat mean: -0.000499, x mean: 0.005357
2026-07-14 15:37:31,887 - training - INFO - train x_hat mean: 0.002613, x mean: 0.008603
2026-07-14 15:37:31,902 - training - INFO - train x_hat mean: -0.020732, x mean: -0.014573
2026-07-14 15:37:31,917 - training - INFO - train x_hat mean: -0.013995, x mean: -0.007503
2026-07-14 15:37:31,930 - training - INFO - train x_hat mean: 0.015486, x mean: 0.021479
2026-07-14 15:37:31,945 - training - INFO - train x_hat mean: 0.016558, x mean: 0.025842
2026-07-14 15:37:31,959 - training - INFO - train x_hat mean: 0.010028, x mean: 0.013868
2026-07-14 15:37:31,975 - training - INFO - train x_hat mean: -0.015735, x mean: -0.011520
2026-07-14 15:37:31,989 - training - INFO - train x_hat mean: -0.002131, x mean: 0.003962
2026-07-14 15:37:32,001 - training - INFO - train x_hat mean: -0.020181, x mean: -0.014765
2026-07-14 15:37:32,014 - training - INFO - train x_hat mean: -0.011068, x mean: -0.003564
2026-07-14 15:37:32,026 - training - INFO - train x_hat mean: -0.005921, x mean: -0.001838
2026-07-14 15:37:32,037 - training - INFO - train x_hat mean: -0.013010, x mean: -0.008238
2026-07-14 15:37:32,049 - training - INFO - train x_hat mean: 0.000268, x mean: 0.007033
2026-07-14 15:37:32,060 - training - INFO - train x_hat mean: -0.012943, x mean: -0.008083
2026-07-14 15:37:32,072 - training - INFO - train x_hat mean: -0.008089, x mean: -0.003085
2026-07-14 15:37:32,085 - training - INFO - train x_hat mean: -0.013496, x mean: -0.007557
2026-07-14 15:37:32,097 - training - INFO - train x_hat mean: -0.014564, x mean: -0.010259
2026-07-14 15:37:32,109 - training - INFO - train x_hat mean: 0.003571, x mean: 0.009855
2026-07-14 15:37:32,122 - training - INFO - train x_hat mean: 0.008223, x mean: 0.013891
2026-07-14 15:37:32,134 - training - INFO - train x_hat mean: -0.036388, x mean: -0.027373
2026-07-14 15:37:32,147 - training - INFO - train x_hat mean: -0.014557, x mean: -0.008593
2026-07-14 15:37:32,158 - training - INFO - train x_hat mean: 0.014303, x mean: 0.019505
2026-07-14 15:37:32,170 - training - INFO - train x_hat mean: -0.036930, x mean: -0.032139
2026-07-14 15:37:32,182 - training - INFO - train x_hat mean: 0.001703, x mean: 0.007466
2026-07-14 15:37:32,195 - training - INFO - train x_hat mean: 0.007573, x mean: 0.013325
2026-07-14 15:37:32,207 - training - INFO - train x_hat mean: -0.019501, x mean: -0.012578
2026-07-14 15:37:32,218 - training - INFO - train x_hat mean: -0.017221, x mean: -0.008571
2026-07-14 15:37:32,230 - training - INFO - train x_hat mean: 0.000810, x mean: 0.007021
2026-07-14 15:37:32,242 - training - INFO - train x_hat mean: -0.020799, x mean: -0.011023
2026-07-14 15:37:32,254 - training - INFO - train x_hat mean: -0.004264, x mean: 0.003036
2026-07-14 15:37:32,265 - training - INFO - train x_hat mean: 0.019950, x mean: 0.025850
2026-07-14 15:37:32,277 - training - INFO - train x_hat mean: 0.002386, x mean: 0.009007
2026-07-14 15:37:32,288 - training - INFO - train x_hat mean: 0.021086, x mean: 0.026916
2026-07-14 15:37:32,299 - training - INFO - train x_hat mean: -0.008454, x mean: -0.004519
2026-07-14 15:37:32,311 - training - INFO - train x_hat mean: 0.010501, x mean: 0.014743
2026-07-14 15:37:32,321 - training - INFO - train x_hat mean: -0.068212, x mean: -0.057571
2026-07-14 15:37:32,333 - training - INFO - train x_hat mean: 0.012756, x mean: 0.020239
2026-07-14 15:37:32,345 - training - INFO - train x_hat mean: -0.021923, x mean: -0.004280
2026-07-14 15:37:32,356 - training - INFO - train x_hat mean: -0.002084, x mean: 0.003989
2026-07-14 15:37:32,369 - training - INFO - train x_hat mean: -0.022291, x mean: -0.012366
2026-07-14 15:37:32,381 - training - INFO - train x_hat mean: -0.027714, x mean: -0.018128
2026-07-14 15:37:32,392 - training - INFO - train x_hat mean: -0.001003, x mean: 0.005169
2026-07-14 15:37:32,404 - training - INFO - train x_hat mean: 0.001825, x mean: 0.008855
2026-07-14 15:37:32,416 - training - INFO - train x_hat mean: 0.012484, x mean: 0.016842
2026-07-14 15:37:32,427 - training - INFO - train x_hat mean: 0.027536, x mean: 0.032398
2026-07-14 15:37:32,439 - training - INFO - train x_hat mean: -0.000833, x mean: 0.004719
2026-07-14 15:37:32,451 - training - INFO - train x_hat mean: -0.003618, x mean: 0.006541
2026-07-14 15:37:32,465 - training - INFO - train x_hat mean: -0.019538, x mean: -0.013922
2026-07-14 15:37:32,480 - training - INFO - train x_hat mean: -0.020358, x mean: -0.014511
2026-07-14 15:37:32,494 - training - INFO - train x_hat mean: -0.005814, x mean: -0.000322
2026-07-14 15:37:32,508 - training - INFO - train x_hat mean: -0.035792, x mean: -0.025303
2026-07-14 15:37:32,523 - training - INFO - train x_hat mean: -0.012243, x mean: -0.007553
2026-07-14 15:37:32,536 - training - INFO - train x_hat mean: -0.035607, x mean: -0.031926
2026-07-14 15:37:32,551 - training - INFO - train x_hat mean: -0.002075, x mean: 0.004370
2026-07-14 15:37:32,564 - training - INFO - train x_hat mean: -0.033253, x mean: -0.026411
2026-07-14 15:37:32,576 - training - INFO - train x_hat mean: -0.017171, x mean: -0.012383
2026-07-14 15:37:32,591 - training - INFO - train x_hat mean: 0.005375, x mean: 0.011166
2026-07-14 15:37:32,603 - training - INFO - train x_hat mean: -0.003908, x mean: 0.001074
2026-07-14 15:37:32,618 - training - INFO - train x_hat mean: 0.006084, x mean: 0.012471
2026-07-14 15:37:32,631 - training - INFO - train x_hat mean: -0.029175, x mean: -0.020395
2026-07-14 15:37:32,642 - training - INFO - train x_hat mean: -0.027650, x mean: -0.021390
2026-07-14 15:37:32,655 - training - INFO - train x_hat mean: -0.000819, x mean: 0.006908
2026-07-14 15:37:32,667 - training - INFO - train x_hat mean: -0.022164, x mean: -0.012201
2026-07-14 15:37:32,680 - training - INFO - train x_hat mean: 0.000764, x mean: 0.004923
2026-07-14 15:37:32,691 - training - INFO - train x_hat mean: -0.012340, x mean: -0.006936
2026-07-14 15:37:32,703 - training - INFO - train x_hat mean: 0.001119, x mean: 0.005810
2026-07-14 15:37:32,714 - training - INFO - train x_hat mean: 0.003551, x mean: 0.007312
2026-07-14 15:37:32,726 - training - INFO - train x_hat mean: -0.030370, x mean: -0.021763
2026-07-14 15:37:32,737 - training - INFO - train x_hat mean: -0.020659, x mean: -0.009751
2026-07-14 15:37:32,748 - training - INFO - train x_hat mean: 0.021023, x mean: 0.026636
2026-07-14 15:37:32,759 - training - INFO - train x_hat mean: 0.001869, x mean: 0.008711
2026-07-14 15:37:32,770 - training - INFO - train x_hat mean: -0.017706, x mean: -0.011831
2026-07-14 15:37:32,781 - training - INFO - train x_hat mean: -0.011658, x mean: -0.003294
2026-07-14 15:37:32,792 - training - INFO - train x_hat mean: 0.019147, x mean: 0.025279
2026-07-14 15:37:32,803 - training - INFO - train x_hat mean: 0.000306, x mean: 0.006664
2026-07-14 15:37:32,814 - training - INFO - train x_hat mean: 0.007075, x mean: 0.011696
2026-07-14 15:37:32,824 - training - INFO - train x_hat mean: -0.003118, x mean: 0.004749
2026-07-14 15:37:32,835 - training - INFO - train x_hat mean: -0.016475, x mean: -0.008956
2026-07-14 15:37:32,846 - training - INFO - train x_hat mean: -0.006331, x mean: -0.000209
2026-07-14 15:37:32,856 - training - INFO - train x_hat mean: -0.008197, x mean: -0.001948
2026-07-14 15:37:32,867 - training - INFO - train x_hat mean: -0.032504, x mean: -0.025839
2026-07-14 15:37:32,878 - training - INFO - train x_hat mean: 0.015337, x mean: 0.023486
2026-07-14 15:37:32,888 - training - INFO - train x_hat mean: 0.013726, x mean: 0.020370
2026-07-14 15:37:32,900 - training - INFO - train x_hat mean: -0.043886, x mean: -0.033285
2026-07-14 15:37:32,911 - training - INFO - train x_hat mean: -0.026738, x mean: -0.015635
2026-07-14 15:37:32,922 - training - INFO - train x_hat mean: 0.012308, x mean: 0.017940
2026-07-14 15:37:32,933 - training - INFO - train x_hat mean: 0.001352, x mean: 0.007926
2026-07-14 15:37:32,944 - training - INFO - train x_hat mean: 0.015892, x mean: 0.021937
2026-07-14 15:37:32,955 - training - INFO - train x_hat mean: 0.008520, x mean: 0.011431
2026-07-14 15:37:32,966 - training - INFO - train x_hat mean: 0.008376, x mean: 0.012125
2026-07-14 15:37:32,977 - training - INFO - train x_hat mean: 0.009229, x mean: 0.013315
2026-07-14 15:37:32,988 - training - INFO - train x_hat mean: -0.020291, x mean: -0.014076
2026-07-14 15:37:32,999 - training - INFO - train x_hat mean: -0.019343, x mean: -0.012034
2026-07-14 15:37:33,010 - training - INFO - train x_hat mean: -0.007661, x mean: -0.001743
2026-07-14 15:37:33,020 - training - INFO - train x_hat mean: -0.038600, x mean: -0.026750
2026-07-14 15:37:33,031 - training - INFO - train x_hat mean: -0.001181, x mean: 0.006977
2026-07-14 15:37:33,041 - training - INFO - train x_hat mean: -0.061341, x mean: -0.052157
2026-07-14 15:37:33,052 - training - INFO - train x_hat mean: 0.005901, x mean: 0.018971
2026-07-14 15:37:33,062 - training - INFO - train x_hat mean: -0.032328, x mean: -0.023659
2026-07-14 15:37:33,073 - training - INFO - train x_hat mean: 0.006743, x mean: 0.014530
2026-07-14 15:37:33,083 - training - INFO - train x_hat mean: -0.031347, x mean: -0.021450
2026-07-14 15:37:33,094 - training - INFO - train x_hat mean: -0.005063, x mean: 0.001175
2026-07-14 15:37:33,105 - training - INFO - train x_hat mean: -0.028235, x mean: -0.023206
2026-07-14 15:37:33,116 - training - INFO - train x_hat mean: -0.009407, x mean: -0.000378
2026-07-14 15:37:33,127 - training - INFO - train x_hat mean: 0.000962, x mean: 0.008188
2026-07-14 15:37:33,139 - training - INFO - train x_hat mean: -0.008521, x mean: 0.002698
2026-07-14 15:37:33,151 - training - INFO - train x_hat mean: -0.020979, x mean: -0.014088
2026-07-14 15:37:33,164 - training - INFO - train x_hat mean: 0.011236, x mean: 0.017414
2026-07-14 15:37:33,175 - training - INFO - train x_hat mean: 0.004347, x mean: 0.010272
2026-07-14 15:37:33,188 - training - INFO - train x_hat mean: -0.004061, x mean: 0.001862
2026-07-14 15:37:33,201 - training - INFO - train x_hat mean: 0.012332, x mean: 0.017931
2026-07-14 15:37:33,213 - training - INFO - train x_hat mean: 0.010562, x mean: 0.018138
2026-07-14 15:37:33,225 - training - INFO - train x_hat mean: -0.009841, x mean: -0.002958
2026-07-14 15:37:33,239 - training - INFO - train x_hat mean: 0.028960, x mean: 0.043787
2026-07-14 15:37:33,251 - training - INFO - train x_hat mean: -0.022310, x mean: -0.012757
2026-07-14 15:37:33,263 - training - INFO - train x_hat mean: -0.004383, x mean: -0.000757
2026-07-14 15:37:33,274 - training - INFO - train x_hat mean: -0.015270, x mean: -0.007561
2026-07-14 15:37:33,285 - training - INFO - train x_hat mean: -0.001509, x mean: 0.006747
2026-07-14 15:37:33,297 - training - INFO - train x_hat mean: 0.019663, x mean: 0.028298
2026-07-14 15:37:33,309 - training - INFO - train x_hat mean: 0.000802, x mean: 0.005010
2026-07-14 15:37:33,320 - training - INFO - train x_hat mean: -0.044040, x mean: -0.034486
2026-07-14 15:37:33,330 - training - INFO - train x_hat mean: 0.011699, x mean: 0.017577
2026-07-14 15:37:33,341 - training - INFO - train x_hat mean: -0.013450, x mean: -0.006251
2026-07-14 15:37:33,352 - training - INFO - train x_hat mean: -0.017005, x mean: -0.005856
2026-07-14 15:37:33,363 - training - INFO - train x_hat mean: 0.018236, x mean: 0.026448
2026-07-14 15:37:33,374 - training - INFO - train x_hat mean: 0.008640, x mean: 0.016656
2026-07-14 15:37:33,385 - training - INFO - train x_hat mean: -0.036717, x mean: -0.025073
2026-07-14 15:37:33,398 - training - INFO - train x_hat mean: -0.008378, x mean: -0.003671
2026-07-14 15:37:33,410 - training - INFO - train x_hat mean: 0.008100, x mean: 0.015290
2026-07-14 15:37:33,421 - training - INFO - train x_hat mean: -0.023336, x mean: -0.015706
2026-07-14 15:37:33,432 - training - INFO - train x_hat mean: -0.007199, x mean: -0.000081
2026-07-14 15:37:33,443 - training - INFO - train x_hat mean: -0.000768, x mean: 0.006383
2026-07-14 15:37:33,454 - training - INFO - train x_hat mean: -0.011898, x mean: -0.004472
2026-07-14 15:37:33,464 - training - INFO - train x_hat mean: 0.007617, x mean: 0.014503
2026-07-14 15:37:33,475 - training - INFO - train x_hat mean: 0.002469, x mean: 0.008241
2026-07-14 15:37:33,486 - training - INFO - train x_hat mean: -0.007888, x mean: 0.000144
2026-07-14 15:37:33,496 - training - INFO - train x_hat mean: -0.007628, x mean: 0.000175
2026-07-14 15:37:33,507 - training - INFO - train x_hat mean: -0.014127, x mean: -0.007276
2026-07-14 15:37:33,519 - training - INFO - train x_hat mean: -0.024968, x mean: -0.016847
2026-07-14 15:37:33,530 - training - INFO - train x_hat mean: 0.009353, x mean: 0.015875
2026-07-14 15:37:33,541 - training - INFO - train x_hat mean: 0.006465, x mean: 0.013342
2026-07-14 15:37:33,553 - training - INFO - train x_hat mean: -0.018460, x mean: -0.010803
2026-07-14 15:37:33,565 - training - INFO - train x_hat mean: -0.030652, x mean: -0.023834
2026-07-14 15:37:33,576 - training - INFO - train x_hat mean: 0.002019, x mean: 0.009163
2026-07-14 15:37:33,587 - training - INFO - train x_hat mean: -0.019834, x mean: -0.014318
2026-07-14 15:37:33,598 - training - INFO - train x_hat mean: -0.026688, x mean: -0.020486
2026-07-14 15:37:33,610 - training - INFO - train x_hat mean: -0.015648, x mean: -0.010307
2026-07-14 15:37:33,621 - training - INFO - train x_hat mean: 0.004161, x mean: 0.008900
2026-07-14 15:37:33,632 - training - INFO - train x_hat mean: 0.013912, x mean: 0.019464
2026-07-14 15:37:33,643 - training - INFO - train x_hat mean: 0.015254, x mean: 0.021285
2026-07-14 15:37:33,654 - training - INFO - train x_hat mean: -0.043610, x mean: -0.035421
2026-07-14 15:37:33,665 - training - INFO - train x_hat mean: -0.014895, x mean: -0.006254
2026-07-14 15:37:33,676 - training - INFO - train x_hat mean: -0.049192, x mean: -0.038899
2026-07-14 15:37:33,688 - training - INFO - train x_hat mean: -0.018452, x mean: -0.011795
2026-07-14 15:37:33,699 - training - INFO - train x_hat mean: -0.011874, x mean: 0.003033
2026-07-14 15:37:33,710 - training - INFO - train x_hat mean: -0.024888, x mean: -0.017307
2026-07-14 15:37:33,721 - training - INFO - train x_hat mean: 0.000034, x mean: 0.007648
2026-07-14 15:37:33,733 - training - INFO - train x_hat mean: 0.000334, x mean: 0.006414
2026-07-14 15:37:33,745 - training - INFO - train x_hat mean: -0.000370, x mean: 0.009763
2026-07-14 15:37:33,756 - training - INFO - train x_hat mean: 0.002810, x mean: 0.014471
2026-07-14 15:37:33,767 - training - INFO - train x_hat mean: 0.017736, x mean: 0.020448
2026-07-14 15:37:33,779 - training - INFO - train x_hat mean: -0.013004, x mean: -0.007760
2026-07-14 15:37:33,793 - training - INFO - train x_hat mean: 0.002470, x mean: 0.007142
2026-07-14 15:37:33,806 - training - INFO - train x_hat mean: -0.006919, x mean: 0.000836
2026-07-14 15:37:33,819 - training - INFO - train x_hat mean: -0.022265, x mean: -0.014686
2026-07-14 15:37:33,832 - training - INFO - train x_hat mean: 0.016253, x mean: 0.024715
2026-07-14 15:37:33,846 - training - INFO - train x_hat mean: 0.003186, x mean: 0.011576
2026-07-14 15:37:33,859 - training - INFO - train x_hat mean: -0.008343, x mean: -0.000392
2026-07-14 15:37:33,874 - training - INFO - train x_hat mean: -0.004002, x mean: 0.000467
2026-07-14 15:37:33,892 - training - INFO - train x_hat mean: -0.010185, x mean: -0.004252
2026-07-14 15:37:33,907 - training - INFO - train x_hat mean: -0.014163, x mean: -0.006423
2026-07-14 15:37:33,923 - training - INFO - train x_hat mean: 0.004775, x mean: 0.010139
2026-07-14 15:37:33,939 - training - INFO - train x_hat mean: -0.022796, x mean: -0.016540
2026-07-14 15:37:33,954 - training - INFO - train x_hat mean: -0.028515, x mean: -0.024714
2026-07-14 15:37:33,969 - training - INFO - train x_hat mean: -0.015172, x mean: -0.008402
2026-07-14 15:37:33,983 - training - INFO - train x_hat mean: 0.009363, x mean: 0.016270
2026-07-14 15:37:33,997 - training - INFO - train x_hat mean: -0.011450, x mean: -0.003420
2026-07-14 15:37:34,014 - training - INFO - train x_hat mean: -0.020916, x mean: -0.014067
2026-07-14 15:37:34,029 - training - INFO - train x_hat mean: -0.009188, x mean: -0.001677
2026-07-14 15:37:34,044 - training - INFO - train x_hat mean: -0.020948, x mean: -0.011387
2026-07-14 15:37:34,059 - training - INFO - train x_hat mean: 0.005121, x mean: 0.010299
2026-07-14 15:37:34,074 - training - INFO - train x_hat mean: -0.016835, x mean: -0.007970
2026-07-14 15:37:34,089 - training - INFO - train x_hat mean: 0.012678, x mean: 0.032440
2026-07-14 15:37:34,102 - training - INFO - train x_hat mean: 0.003004, x mean: 0.007762
2026-07-14 15:37:34,117 - training - INFO - train x_hat mean: 0.013111, x mean: 0.015924
2026-07-14 15:37:34,129 - training - INFO - train x_hat mean: 0.000766, x mean: 0.005798
2026-07-14 15:37:34,140 - training - INFO - train x_hat mean: -0.016306, x mean: -0.011236
2026-07-14 15:37:34,152 - training - INFO - train x_hat mean: 0.004887, x mean: 0.008215
2026-07-14 15:37:34,164 - training - INFO - train x_hat mean: -0.001199, x mean: 0.003357
2026-07-14 15:37:34,175 - training - INFO - train x_hat mean: -0.026621, x mean: -0.019242
2026-07-14 15:37:34,187 - training - INFO - train x_hat mean: 0.002144, x mean: 0.008152
2026-07-14 15:37:34,199 - training - INFO - train x_hat mean: 0.008642, x mean: 0.010906
2026-07-14 15:37:34,210 - training - INFO - train x_hat mean: -0.022580, x mean: -0.017684
2026-07-14 15:37:34,221 - training - INFO - train x_hat mean: 0.006880, x mean: 0.010098
2026-07-14 15:37:34,232 - training - INFO - train x_hat mean: 0.016349, x mean: 0.020595
2026-07-14 15:37:34,242 - training - INFO - train x_hat mean: 0.010942, x mean: 0.015603
2026-07-14 15:37:34,253 - training - INFO - train x_hat mean: 0.009592, x mean: 0.014459
2026-07-14 15:37:34,264 - training - INFO - train x_hat mean: -0.026101, x mean: -0.019573
2026-07-14 15:37:34,274 - training - INFO - train x_hat mean: -0.000512, x mean: 0.004555
2026-07-14 15:37:34,286 - training - INFO - train x_hat mean: -0.021265, x mean: -0.013610
2026-07-14 15:37:34,297 - training - INFO - train x_hat mean: -0.003221, x mean: 0.004869
2026-07-14 15:37:34,307 - training - INFO - train x_hat mean: -0.010063, x mean: -0.002491
2026-07-14 15:37:34,318 - training - INFO - train x_hat mean: -0.057720, x mean: -0.048638
2026-07-14 15:37:34,329 - training - INFO - train x_hat mean: -0.042146, x mean: -0.034477
2026-07-14 15:37:34,339 - training - INFO - train x_hat mean: 0.011746, x mean: 0.021204
2026-07-14 15:37:34,350 - training - INFO - train x_hat mean: -0.004843, x mean: 0.004943
2026-07-14 15:37:34,360 - training - INFO - train x_hat mean: -0.007619, x mean: -0.001807
2026-07-14 15:37:34,371 - training - INFO - train x_hat mean: -0.008221, x mean: -0.000277
2026-07-14 15:37:34,384 - training - INFO - train x_hat mean: -0.024244, x mean: -0.015367
2026-07-14 15:37:34,398 - training - INFO - train x_hat mean: -0.007937, x mean: 0.004416
2026-07-14 15:37:34,411 - training - INFO - train x_hat mean: -0.025823, x mean: -0.009330
2026-07-14 15:37:34,421 - training - INFO - train x_hat mean: -0.012560, x mean: -0.000288
2026-07-14 15:37:34,432 - training - INFO - train x_hat mean: -0.008795, x mean: 0.008022
2026-07-14 15:37:34,442 - training - INFO - train x_hat mean: -0.008488, x mean: 0.001406
2026-07-14 15:37:34,453 - training - INFO - train x_hat mean: -0.005887, x mean: 0.003099
2026-07-14 15:37:34,463 - training - INFO - train x_hat mean: 0.015817, x mean: 0.022341
2026-07-14 15:37:34,474 - training - INFO - train x_hat mean: 0.014584, x mean: 0.018449
2026-07-14 15:37:34,484 - training - INFO - train x_hat mean: 0.013904, x mean: 0.021185
2026-07-14 15:37:34,495 - training - INFO - train x_hat mean: -0.009740, x mean: -0.003996
2026-07-14 15:37:34,505 - training - INFO - train x_hat mean: -0.021686, x mean: -0.015839
2026-07-14 15:37:34,519 - training - INFO - train x_hat mean: -0.001261, x mean: 0.009811
2026-07-14 15:37:34,532 - training - INFO - train x_hat mean: -0.003053, x mean: 0.004439
2026-07-14 15:37:34,552 - training - INFO - train x_hat mean: -0.006289, x mean: 0.004888
2026-07-14 15:37:34,566 - training - INFO - train x_hat mean: -0.016691, x mean: -0.010612
2026-07-14 15:37:34,578 - training - INFO - train x_hat mean: -0.003403, x mean: 0.003924
2026-07-14 15:37:34,589 - training - INFO - train x_hat mean: -0.017630, x mean: -0.010459
2026-07-14 15:37:34,600 - training - INFO - train x_hat mean: -0.012627, x mean: -0.005411
2026-07-14 15:37:34,612 - training - INFO - train x_hat mean: 0.016910, x mean: 0.018842
2026-07-14 15:37:34,623 - training - INFO - train x_hat mean: -0.012722, x mean: -0.008951
2026-07-14 15:37:34,635 - training - INFO - train x_hat mean: -0.016033, x mean: -0.010391
2026-07-14 15:37:34,647 - training - INFO - train x_hat mean: -0.041977, x mean: -0.033167
2026-07-14 15:37:34,659 - training - INFO - train x_hat mean: 0.010790, x mean: 0.017283
2026-07-14 15:37:34,671 - training - INFO - train x_hat mean: -0.025470, x mean: -0.020102
2026-07-14 15:37:34,685 - training - INFO - train x_hat mean: -0.029610, x mean: -0.024162
2026-07-14 15:37:34,698 - training - INFO - train x_hat mean: 0.019739, x mean: 0.027793
2026-07-14 15:37:34,711 - training - INFO - train x_hat mean: -0.008983, x mean: -0.001578
2026-07-14 15:37:34,722 - training - INFO - train x_hat mean: -0.041308, x mean: -0.032955
2026-07-14 15:37:34,734 - training - INFO - train x_hat mean: 0.012345, x mean: 0.022712
2026-07-14 15:37:34,745 - training - INFO - train x_hat mean: 0.006054, x mean: 0.010282
2026-07-14 15:37:34,756 - training - INFO - train x_hat mean: -0.009258, x mean: -0.002612
2026-07-14 15:37:34,768 - training - INFO - train x_hat mean: 0.006169, x mean: 0.011178
2026-07-14 15:37:34,782 - training - INFO - train x_hat mean: -0.026883, x mean: -0.022202
2026-07-14 15:37:34,794 - training - INFO - train x_hat mean: -0.000314, x mean: 0.003684
2026-07-14 15:37:34,807 - training - INFO - train x_hat mean: -0.005213, x mean: 0.000338
2026-07-14 15:37:34,820 - training - INFO - train x_hat mean: -0.002522, x mean: 0.001795
2026-07-14 15:37:34,833 - training - INFO - train x_hat mean: 0.007117, x mean: 0.009987
2026-07-14 15:37:34,845 - training - INFO - train x_hat mean: -0.007951, x mean: -0.001807
2026-07-14 15:37:34,855 - training - INFO - train x_hat mean: -0.024341, x mean: -0.016535
2026-07-14 15:37:34,867 - training - INFO - train x_hat mean: -0.033291, x mean: -0.024411
2026-07-14 15:37:34,880 - training - INFO - train x_hat mean: -0.009142, x mean: -0.000626
2026-07-14 15:37:34,891 - training - INFO - train x_hat mean: -0.009415, x mean: -0.005053
2026-07-14 15:37:34,903 - training - INFO - train x_hat mean: -0.023347, x mean: -0.014705
2026-07-14 15:37:34,914 - training - INFO - train x_hat mean: -0.012923, x mean: -0.006356
2026-07-14 15:37:34,926 - training - INFO - train x_hat mean: -0.026224, x mean: -0.017376
2026-07-14 15:37:34,941 - training - INFO - train x_hat mean: 0.005848, x mean: 0.010318
2026-07-14 15:37:34,953 - training - INFO - train x_hat mean: -0.013167, x mean: -0.006554
2026-07-14 15:37:34,964 - training - INFO - train x_hat mean: -0.027834, x mean: -0.017812
2026-07-14 15:37:34,976 - training - INFO - train x_hat mean: -0.003538, x mean: 0.006466
2026-07-14 15:37:34,988 - training - INFO - train x_hat mean: 0.008677, x mean: 0.014810
2026-07-14 15:37:35,000 - training - INFO - train x_hat mean: -0.003812, x mean: 0.003179
2026-07-14 15:37:35,012 - training - INFO - train x_hat mean: -0.019432, x mean: -0.012419
2026-07-14 15:37:35,025 - training - INFO - train x_hat mean: -0.007320, x mean: 0.001650
2026-07-14 15:37:35,038 - training - INFO - train x_hat mean: -0.005616, x mean: 0.002004
2026-07-14 15:37:35,050 - training - INFO - train x_hat mean: 0.008661, x mean: 0.019546
2026-07-14 15:37:35,063 - training - INFO - train x_hat mean: -0.002229, x mean: 0.004619
2026-07-14 15:37:35,075 - training - INFO - train x_hat mean: 0.016986, x mean: 0.022112
2026-07-14 15:37:35,089 - training - INFO - train x_hat mean: -0.006505, x mean: 0.001121
2026-07-14 15:37:35,101 - training - INFO - train x_hat mean: 0.000725, x mean: 0.008876
2026-07-14 15:37:35,112 - training - INFO - train x_hat mean: -0.018300, x mean: -0.012792
2026-07-14 15:37:35,123 - training - INFO - train x_hat mean: -0.007780, x mean: -0.003359
2026-07-14 15:37:35,137 - training - INFO - train x_hat mean: -0.020989, x mean: -0.014194
2026-07-14 15:37:35,151 - training - INFO - train x_hat mean: 0.006252, x mean: 0.017574
2026-07-14 15:37:35,163 - training - INFO - train x_hat mean: 0.007459, x mean: 0.012221
2026-07-14 15:37:35,175 - training - INFO - train x_hat mean: -0.039345, x mean: -0.030188
2026-07-14 15:37:35,188 - training - INFO - train x_hat mean: -0.011539, x mean: -0.004311
2026-07-14 15:37:35,202 - training - INFO - train x_hat mean: -0.028940, x mean: -0.021358
2026-07-14 15:37:35,216 - training - INFO - train x_hat mean: 0.019541, x mean: 0.025260
2026-07-14 15:37:35,228 - training - INFO - train x_hat mean: -0.011882, x mean: -0.008926
2026-07-14 15:37:35,240 - training - INFO - train x_hat mean: 0.010782, x mean: 0.012588
2026-07-14 15:37:35,253 - training - INFO - train x_hat mean: 0.007411, x mean: 0.015736
2026-07-14 15:37:35,266 - training - INFO - train x_hat mean: 0.006802, x mean: 0.012762
2026-07-14 15:37:35,278 - training - INFO - train x_hat mean: -0.014624, x mean: -0.009760
2026-07-14 15:37:35,304 - training - INFO - train x_hat mean: 0.013630, x mean: 0.015544
2026-07-14 15:37:35,313 - training - INFO - -------------------------------------------
2026-07-14 15:37:35,314 - training - INFO - training: epoch 2/2,
total loss: 0.9455594801,
mse: 0.9455594801,
kl: 0.000000e+00
2026-07-14 15:37:35,316 - training - INFO - epoch 1 first param mean: 0.002104
2026-07-14 15:37:35,316 - training - INFO - epoch 1 first x_hat mean: check below
2026-07-14 15:37:35,322 - training - INFO - valid x_hat mean: 0.002576, x mean: 0.009377
2026-07-14 15:37:35,329 - training - INFO - valid x_hat mean: -0.004433, x mean: 0.000840
2026-07-14 15:37:35,336 - training - INFO - valid x_hat mean: -0.007581, x mean: -0.002835
2026-07-14 15:37:35,343 - training - INFO - valid x_hat mean: 0.027816, x mean: 0.028422
2026-07-14 15:37:35,350 - training - INFO - valid x_hat mean: -0.002777, x mean: 0.002669
2026-07-14 15:37:35,356 - training - INFO - valid x_hat mean: 0.006225, x mean: 0.011132
2026-07-14 15:37:35,365 - training - INFO - valid x_hat mean: -0.003505, x mean: 0.003106
2026-07-14 15:37:35,372 - training - INFO - valid x_hat mean: -0.052340, x mean: -0.044376
2026-07-14 15:37:35,379 - training - INFO - valid x_hat mean: 0.002325, x mean: 0.009749
2026-07-14 15:37:35,387 - training - INFO - valid x_hat mean: -0.053888, x mean: -0.047850
2026-07-14 15:37:35,394 - training - INFO - valid x_hat mean: -0.027455, x mean: -0.022782
2026-07-14 15:37:35,401 - training - INFO - valid x_hat mean: 0.003024, x mean: 0.006421
2026-07-14 15:37:35,408 - training - INFO - valid x_hat mean: 0.025933, x mean: 0.038202
2026-07-14 15:37:35,416 - training - INFO - valid x_hat mean: -0.034146, x mean: -0.027698
2026-07-14 15:37:35,423 - training - INFO - valid x_hat mean: -0.011224, x mean: -0.006880
2026-07-14 15:37:35,430 - training - INFO - valid x_hat mean: 0.012465, x mean: 0.017462
2026-07-14 15:37:35,436 - training - INFO - valid x_hat mean: -0.005619, x mean: -0.000989
2026-07-14 15:37:35,444 - training - INFO - valid x_hat mean: -0.011742, x mean: -0.000331
2026-07-14 15:37:35,452 - training - INFO - valid x_hat mean: -0.012039, x mean: -0.008240
2026-07-14 15:37:35,460 - training - INFO - valid x_hat mean: -0.029530, x mean: -0.023068
2026-07-14 15:37:35,468 - training - INFO - valid x_hat mean: -0.005943, x mean: 0.000746
2026-07-14 15:37:35,475 - training - INFO - valid x_hat mean: -0.013122, x mean: -0.004171
2026-07-14 15:37:35,482 - training - INFO - valid x_hat mean: 0.001028, x mean: 0.005284
2026-07-14 15:37:35,490 - training - INFO - valid x_hat mean: 0.015225, x mean: 0.022986
2026-07-14 15:37:35,497 - training - INFO - valid x_hat mean: 0.004696, x mean: 0.009799
2026-07-14 15:37:35,505 - training - INFO - valid x_hat mean: -0.009203, x mean: -0.005076
2026-07-14 15:37:35,511 - training - INFO - valid x_hat mean: 0.009315, x mean: 0.014343
2026-07-14 15:37:35,518 - training - INFO - valid x_hat mean: -0.017188, x mean: -0.011491
2026-07-14 15:37:35,526 - training - INFO - valid x_hat mean: -0.015505, x mean: -0.009374
2026-07-14 15:37:35,534 - training - INFO - valid x_hat mean: 0.004920, x mean: 0.010746
2026-07-14 15:37:35,541 - training - INFO - valid x_hat mean: -0.045330, x mean: -0.034973
2026-07-14 15:37:35,547 - training - INFO - valid x_hat mean: -0.001625, x mean: 0.013391
2026-07-14 15:37:35,554 - training - INFO - valid x_hat mean: 0.009783, x mean: 0.013193
2026-07-14 15:37:35,560 - training - INFO - valid x_hat mean: -0.006828, x mean: -0.004315
2026-07-14 15:37:35,567 - training - INFO - valid x_hat mean: 0.019598, x mean: 0.024615
2026-07-14 15:37:35,573 - training - INFO - valid x_hat mean: 0.006436, x mean: 0.014914
2026-07-14 15:37:35,580 - training - INFO - valid x_hat mean: -0.009425, x mean: -0.004532
2026-07-14 15:37:35,586 - training - INFO - valid x_hat mean: 0.005982, x mean: 0.010734
2026-07-14 15:37:35,592 - training - INFO - valid x_hat mean: 0.009255, x mean: 0.016938
2026-07-14 15:37:35,598 - training - INFO - valid x_hat mean: -0.009091, x mean: -0.003463
2026-07-14 15:37:35,603 - training - INFO - valid x_hat mean: -0.041620, x mean: -0.034494
2026-07-14 15:37:35,610 - training - INFO - valid x_hat mean: 0.016348, x mean: 0.017434
2026-07-14 15:37:35,616 - training - INFO - valid x_hat mean: -0.071965, x mean: -0.059180
2026-07-14 15:37:35,622 - training - INFO - valid x_hat mean: 0.016951, x mean: 0.033721
2026-07-14 15:37:35,629 - training - INFO - valid x_hat mean: -0.012700, x mean: -0.007108
2026-07-14 15:37:35,636 - training - INFO - valid x_hat mean: -0.004650, x mean: 0.007012
2026-07-14 15:37:35,642 - training - INFO - valid x_hat mean: -0.000454, x mean: 0.004663
2026-07-14 15:37:35,648 - training - INFO - valid x_hat mean: -0.010954, x mean: -0.005601
2026-07-14 15:37:35,653 - training - INFO - valid x_hat mean: 0.003793, x mean: 0.009842
2026-07-14 15:37:35,659 - training - INFO - valid x_hat mean: 0.005101, x mean: 0.011574
2026-07-14 15:37:35,665 - training - INFO - valid x_hat mean: -0.005200, x mean: 0.000316
2026-07-14 15:37:35,671 - training - INFO - valid x_hat mean: 0.009627, x mean: 0.012434
2026-07-14 15:37:35,677 - training - INFO - valid x_hat mean: -0.006579, x mean: -0.001045
2026-07-14 15:37:35,684 - training - INFO - valid x_hat mean: -0.022909, x mean: -0.017996
2026-07-14 15:37:35,690 - training - INFO - valid x_hat mean: -0.000324, x mean: 0.004469
2026-07-14 15:37:35,696 - training - INFO - valid x_hat mean: -0.014561, x mean: -0.008232
2026-07-14 15:37:35,702 - training - INFO - valid x_hat mean: -0.017179, x mean: -0.010605
2026-07-14 15:37:35,709 - training - INFO - valid x_hat mean: -0.023230, x mean: -0.013898
2026-07-14 15:37:35,715 - training - INFO - valid x_hat mean: 0.034197, x mean: 0.081952
2026-07-14 15:37:35,722 - training - INFO - valid x_hat mean: -0.004348, x mean: 0.000328
2026-07-14 15:37:35,728 - training - INFO - valid x_hat mean: 0.012374, x mean: 0.018470
2026-07-14 15:37:35,734 - training - INFO - valid x_hat mean: 0.009549, x mean: 0.011950
2026-07-14 15:37:35,740 - training - INFO - valid x_hat mean: 0.001414, x mean: 0.005818
2026-07-14 15:37:35,746 - training - INFO - valid x_hat mean: 0.011314, x mean: 0.014703
2026-07-14 15:37:35,752 - training - INFO - valid x_hat mean: -0.014547, x mean: -0.004183
2026-07-14 15:37:35,759 - training - INFO - valid x_hat mean: -0.007490, x mean: -0.002920
2026-07-14 15:37:35,765 - training - INFO - valid x_hat mean: -0.013476, x mean: -0.008097
2026-07-14 15:37:35,771 - training - INFO - valid x_hat mean: -0.017030, x mean: -0.009027
2026-07-14 15:37:35,778 - training - INFO - valid x_hat mean: -0.021840, x mean: -0.017680
2026-07-14 15:37:35,784 - training - INFO - valid x_hat mean: -0.023100, x mean: -0.016177
2026-07-14 15:37:35,792 - training - INFO - valid x_hat mean: 0.017339, x mean: 0.024618
2026-07-14 15:37:35,799 - training - INFO - valid x_hat mean: -0.038454, x mean: -0.030339
2026-07-14 15:37:35,806 - training - INFO - valid x_hat mean: -0.017414, x mean: -0.008723
2026-07-14 15:37:35,813 - training - INFO - valid x_hat mean: -0.001870, x mean: 0.001687
2026-07-14 15:37:35,820 - training - INFO - valid x_hat mean: -0.030500, x mean: -0.022385
2026-07-14 15:37:35,827 - training - INFO - valid x_hat mean: 0.029766, x mean: 0.027953
2026-07-14 15:37:35,833 - training - INFO - valid x_hat mean: -0.008469, x mean: -0.003949
2026-07-14 15:37:35,839 - training - INFO - valid x_hat mean: -0.030166, x mean: -0.017840
2026-07-14 15:37:35,846 - training - INFO - valid x_hat mean: -0.028510, x mean: -0.022768
2026-07-14 15:37:35,852 - training - INFO - valid x_hat mean: -0.009230, x mean: 0.000207
2026-07-14 15:37:35,859 - training - INFO - valid x_hat mean: -0.011400, x mean: -0.005067
2026-07-14 15:37:35,865 - training - INFO - valid x_hat mean: 0.007790, x mean: 0.011149
2026-07-14 15:37:35,871 - training - INFO - valid x_hat mean: 0.010631, x mean: 0.014304
2026-07-14 15:37:35,879 - training - INFO - valid x_hat mean: -0.022939, x mean: -0.017850
2026-07-14 15:37:35,886 - training - INFO - valid x_hat mean: 0.006520, x mean: 0.010186
2026-07-14 15:37:35,893 - training - INFO - valid x_hat mean: 0.035844, x mean: 0.037348
2026-07-14 15:37:35,901 - training - INFO - valid x_hat mean: -0.006224, x mean: -0.002164
2026-07-14 15:37:35,907 - training - INFO - valid x_hat mean: 0.027234, x mean: 0.029323
2026-07-14 15:37:35,914 - training - INFO - valid x_hat mean: -0.024424, x mean: -0.016910
2026-07-14 15:37:35,920 - training - INFO - valid x_hat mean: 0.013977, x mean: 0.016285
2026-07-14 15:37:35,926 - training - INFO - valid x_hat mean: 0.014698, x mean: 0.019556
2026-07-14 15:37:35,933 - training - INFO - valid x_hat mean: -0.011221, x mean: -0.002395
2026-07-14 15:37:35,939 - training - INFO - valid x_hat mean: -0.028951, x mean: -0.021578
2026-07-14 15:37:35,946 - training - INFO - valid x_hat mean: -0.026040, x mean: -0.016816
2026-07-14 15:37:35,953 - training - INFO - valid x_hat mean: -0.016686, x mean: -0.010513
2026-07-14 15:37:35,960 - training - INFO - valid x_hat mean: -0.040691, x mean: -0.034326
2026-07-14 15:37:35,966 - training - INFO - valid x_hat mean: -0.022713, x mean: -0.016847
2026-07-14 15:37:35,973 - training - INFO - valid x_hat mean: 0.006295, x mean: 0.012385
2026-07-14 15:37:35,979 - training - INFO - valid x_hat mean: -0.035207, x mean: -0.035125
2026-07-14 15:37:35,985 - training - INFO - valid x_hat mean: 0.015269, x mean: 0.019177
2026-07-14 15:37:35,990 - training - INFO - valid x_hat mean: -0.003695, x mean: -0.001331
2026-07-14 15:37:35,996 - training - INFO - valid x_hat mean: 0.003867, x mean: 0.009603
2026-07-14 15:37:36,002 - training - INFO - valid x_hat mean: -0.028532, x mean: -0.019596
2026-07-14 15:37:36,008 - training - INFO - valid x_hat mean: -0.023060, x mean: -0.019893
2026-07-14 15:37:36,014 - training - INFO - valid x_hat mean: -0.040216, x mean: -0.030712
2026-07-14 15:37:36,020 - training - INFO - valid x_hat mean: -0.001435, x mean: 0.004183
2026-07-14 15:37:36,027 - training - INFO - valid x_hat mean: 0.016941, x mean: 0.021748
2026-07-14 15:37:36,033 - training - INFO - valid x_hat mean: -0.033563, x mean: -0.027477
2026-07-14 15:37:36,039 - training - INFO - valid x_hat mean: -0.021338, x mean: -0.010905
2026-07-14 15:37:36,045 - training - INFO - valid x_hat mean: -0.006473, x mean: 0.001306
2026-07-14 15:37:36,051 - training - INFO - valid x_hat mean: -0.034065, x mean: -0.025552
2026-07-14 15:37:36,057 - training - INFO - valid x_hat mean: -0.003887, x mean: -0.000416
2026-07-14 15:37:36,062 - training - INFO - valid x_hat mean: 0.001671, x mean: 0.007621
2026-07-14 15:37:36,069 - training - INFO - valid x_hat mean: -0.063796, x mean: -0.048739
2026-07-14 15:37:36,074 - training - INFO - valid x_hat mean: -0.024640, x mean: -0.018912
2026-07-14 15:37:36,080 - training - INFO - valid x_hat mean: 0.006837, x mean: 0.011002
2026-07-14 15:37:36,086 - training - INFO - valid x_hat mean: -0.004572, x mean: 0.002140
2026-07-14 15:37:36,092 - training - INFO - valid x_hat mean: 0.031421, x mean: 0.035486
2026-07-14 15:37:36,098 - training - INFO - valid x_hat mean: 0.001343, x mean: 0.005889
2026-07-14 15:37:36,104 - training - INFO - valid x_hat mean: -0.020352, x mean: -0.014840
2026-07-14 15:37:36,111 - training - INFO - valid x_hat mean: 0.007403, x mean: 0.009711
2026-07-14 15:37:36,117 - training - INFO - valid x_hat mean: -0.026378, x mean: -0.018911
2026-07-14 15:37:36,123 - training - INFO - valid x_hat mean: -0.025519, x mean: -0.015453
2026-07-14 15:37:36,129 - training - INFO - valid x_hat mean: 0.000980, x mean: 0.005623
2026-07-14 15:37:36,135 - training - INFO - valid x_hat mean: -0.018221, x mean: -0.012890
2026-07-14 15:37:36,141 - training - INFO - valid x_hat mean: -0.028430, x mean: -0.018276
2026-07-14 15:37:36,148 - training - INFO - valid x_hat mean: 0.021452, x mean: 0.026069
2026-07-14 15:37:36,154 - training - INFO - valid x_hat mean: -0.032218, x mean: -0.024838
2026-07-14 15:37:36,160 - training - INFO - valid x_hat mean: 0.001854, x mean: 0.004406
2026-07-14 15:37:36,166 - training - INFO - valid x_hat mean: 0.001464, x mean: 0.007759
2026-07-14 15:37:36,173 - training - INFO - valid x_hat mean: -0.023453, x mean: -0.012641
2026-07-14 15:37:36,179 - training - INFO - valid x_hat mean: -0.005998, x mean: -0.000563
2026-07-14 15:37:36,186 - training - INFO - valid x_hat mean: 0.016017, x mean: 0.020247
2026-07-14 15:37:36,192 - training - INFO - valid x_hat mean: -0.001718, x mean: 0.002091
2026-07-14 15:37:36,199 - training - INFO - valid x_hat mean: -0.049583, x mean: -0.039784
2026-07-14 15:37:36,205 - training - INFO - valid x_hat mean: 0.005312, x mean: 0.010550
2026-07-14 15:37:36,211 - training - INFO - valid x_hat mean: -0.006168, x mean: -0.001754
2026-07-14 15:37:36,217 - training - INFO - valid x_hat mean: -0.017189, x mean: -0.010459
2026-07-14 15:37:36,223 - training - INFO - valid x_hat mean: -0.018900, x mean: -0.009247
2026-07-14 15:37:36,230 - training - INFO - valid x_hat mean: -0.013978, x mean: -0.008133
2026-07-14 15:37:36,236 - training - INFO - valid x_hat mean: -0.039333, x mean: -0.032247
2026-07-14 15:37:36,242 - training - INFO - valid x_hat mean: -0.022242, x mean: -0.016387
2026-07-14 15:37:36,249 - training - INFO - valid x_hat mean: 0.010394, x mean: 0.012093
2026-07-14 15:37:36,255 - training - INFO - valid x_hat mean: 0.017157, x mean: 0.025027
2026-07-14 15:37:36,261 - training - INFO - valid x_hat mean: -0.032848, x mean: -0.029056
2026-07-14 15:37:36,267 - training - INFO - valid x_hat mean: 0.022904, x mean: 0.028391
2026-07-14 15:37:36,274 - training - INFO - valid x_hat mean: -0.005792, x mean: -0.002527
2026-07-14 15:37:36,280 - training - INFO - valid x_hat mean: -0.016363, x mean: -0.006361
2026-07-14 15:37:36,286 - training - INFO - valid x_hat mean: 0.006580, x mean: 0.013323
2026-07-14 15:37:36,293 - training - INFO - valid x_hat mean: 0.001300, x mean: 0.006169
2026-07-14 15:37:36,299 - training - INFO - valid x_hat mean: -0.013522, x mean: -0.008712
2026-07-14 15:37:36,305 - training - INFO - valid x_hat mean: -0.001273, x mean: 0.008952
2026-07-14 15:37:36,311 - training - INFO - valid x_hat mean: -0.015568, x mean: -0.010066
2026-07-14 15:37:36,317 - training - INFO - valid x_hat mean: -0.025030, x mean: -0.017801
2026-07-14 15:37:36,324 - training - INFO - valid x_hat mean: -0.026823, x mean: -0.014329
2026-07-14 15:37:36,330 - training - INFO - valid x_hat mean: -0.015915, x mean: -0.002814
2026-07-14 15:37:36,336 - training - INFO - valid x_hat mean: -0.013574, x mean: -0.000529
2026-07-14 15:37:36,342 - training - INFO - valid x_hat mean: -0.024939, x mean: -0.011548
2026-07-14 15:37:36,348 - training - INFO - valid x_hat mean: -0.017100, x mean: -0.003975
2026-07-14 15:37:36,353 - training - INFO - valid x_hat mean: -0.033912, x mean: -0.020416
2026-07-14 15:37:36,359 - training - INFO - valid x_hat mean: -0.024377, x mean: -0.011217
2026-07-14 15:37:36,366 - training - INFO - valid x_hat mean: -0.023212, x mean: -0.009802
2026-07-14 15:37:36,372 - training - INFO - valid x_hat mean: -0.029195, x mean: -0.014712
2026-07-14 15:37:36,378 - training - INFO - valid x_hat mean: -0.020838, x mean: -0.008638
2026-07-14 15:37:36,384 - training - INFO - valid x_hat mean: -0.026691, x mean: -0.012813
2026-07-14 15:37:36,390 - training - INFO - valid x_hat mean: -0.020409, x mean: -0.007569
2026-07-14 15:37:36,397 - training - INFO - valid x_hat mean: -0.024796, x mean: -0.011998
2026-07-14 15:37:36,403 - training - INFO - valid x_hat mean: -0.026936, x mean: -0.014584
2026-07-14 15:37:36,409 - training - INFO - valid x_hat mean: -0.021309, x mean: -0.007038
2026-07-14 15:37:36,416 - training - INFO - valid x_hat mean: -0.028701, x mean: -0.015224
2026-07-14 15:37:36,422 - training - INFO - valid x_hat mean: -0.033061, x mean: -0.017809
2026-07-14 15:37:36,428 - training - INFO - valid x_hat mean: -0.023746, x mean: -0.010504
2026-07-14 15:37:36,433 - training - INFO - valid x_hat mean: -0.067613, x mean: -0.053106
2026-07-14 15:37:36,437 - training - INFO - valid: epoch 2/2,
total loss: 0.9549202109,
mse: 0.9549202109,
kl: 0.000000e+00
2026-07-14 15:37:36,509 - training - INFO - training finished
2026-07-14 15:37:36,528 - __main__ - INFO - 31.295756816864014 seconds to train
wandb: updating run metadata
wandb: uploading media/images/metrics/loss_during_training_7_fb892c3dc5e66cdffed3.png; uploading output.log; uploading wandb-summary.json; uploading config.yaml
wandb: uploading history steps 2-8, summary, console lines 2238-3151
wandb: 
wandb: Run history:
wandb:                         epoch ▁▁███
wandb:          final/best_epoch_log ▁
wandb:     final/best_epoch_unscaled ▁
wandb:      final/best_valid_log_mse ▁
wandb:       final/best_valid_scaled ▁
wandb: final/best_valid_unscaled_mse ▁
wandb:      final/epoch_disagreement ▁
wandb:              final/train_loss ▁
wandb:              final/valid_loss ▁
wandb:                fit/best_epoch ▁
wandb:                           +18 ...
wandb: 
wandb: Run summary:
wandb:                         epoch 1
wandb:          final/best_epoch_log 1
wandb:     final/best_epoch_unscaled 1
wandb:      final/best_valid_log_mse 0.95492
wandb:       final/best_valid_scaled 0.95492
wandb: final/best_valid_unscaled_mse 35470474420270.945
wandb:      final/epoch_disagreement 0
wandb:              final/train_loss 0.94556
wandb:              final/valid_loss 0.95492
wandb:                fit/best_epoch 1
wandb:                           +21 ...
wandb: 
wandb: 🚀 View run RUN_StandardAutoencoder_nl1_ls32_e2_ReLU_B0e+00_lr1e-05_wd1e-08_esFalse_nTrue at: https://wandb.ai/worrellie-iastro/smoke_test/runs/tccr22dv
wandb: ⭐️ View project at: https://wandb.ai/worrellie-iastro/smoke_test
wandb: Synced 5 W&B file(s), 1 media file(s), 0 artifact file(s) and 0 other file(s)
wandb: Find logs at: ./wandb/run-20260714_153656-tccr22dv/logs
Using autocast: False
clip: False
